,dataset,object,owner,project,property,stars,users
0,gov/ivpk/opendata.gov.lt,duomenys/rinkinys,gov/ivpk,projects/atviriduomenys.lt,id,1.0,
1,gov/ivpk/opendata.gov.lt,duomenys/rinkinys,gov/ivpk,projects/atviriduomenys.lt,pavadinimas,1.0,
2,gov/ivpk/opendata.gov.lt,duomenys/rinkinys,gov/ivpk,projects/atviriduomenys.lt,aprašymas,1.0,
3,gov/ivpk/opendata.gov.lt,duomenys/rinkinys,gov/ivpk,projects/atviriduomenys.lt,sukurta,1.0,
4,gov/ivpk/opendata.gov.lt,duomenys/rinkinys,gov/ivpk,projects/atviriduomenys.lt,atnaujinta,0.0,
5,gov/ivpk/opendata.gov.lt,duomenys/rinkinys,gov/ivpk,projects/atviriduomenys.lt,raktažodžiai,1.0,
6,gov/ivpk/opendata.gov.lt,duomenys/rinkinys,gov/ivpk,projects/atviriduomenys.lt,kontaktai,1.0,
7,gov/ivpk/opendata.gov.lt,duomenys/rinkinys,gov/ivpk,projects/atviriduomenys.lt,laikotarpiai,1.0,
8,gov/ivpk/opendata.gov.lt,duomenys/rinkinys,gov/ivpk,projects/atviriduomenys.lt,vietovės,0.0,
9,gov/ivpk/opendata.gov.lt,duomenys/rinkinys,gov/ivpk,projects/atviriduomenys.lt,dažnumas,1.0,
10,gov/ivpk/opendata.gov.lt,duomenys/rinkinys,gov/ivpk,projects/atviriduomenys.lt,tiekėjas,1.0,
11,gov/ivpk/opendata.gov.lt,duomenys/raktažodis,gov/ivpk,projects/atviriduomenys.lt,id,0.0,
12,gov/ivpk/opendata.gov.lt,duomenys/raktažodis,gov/ivpk,projects/atviriduomenys.lt,pavadinimas,1.0,
13,gov/ivpk/opendata.gov.lt,duomenys/kontaktas,gov/ivpk,projects/atviriduomenys.lt,id,0.0,
14,gov/ivpk/opendata.gov.lt,duomenys/kontaktas,gov/ivpk,projects/atviriduomenys.lt,vardas,1.0,
15,gov/ivpk/opendata.gov.lt,duomenys/kontaktas,gov/ivpk,projects/atviriduomenys.lt,pavardė,1.0,
16,gov/ivpk/opendata.gov.lt,duomenys/kontaktas,gov/ivpk,projects/atviriduomenys.lt,el_paštas,1.0,
17,gov/ivpk/opendata.gov.lt,duomenys/kontaktas,gov/ivpk,projects/atviriduomenys.lt,telefonas,1.0,
18,gov/ivpk/opendata.gov.lt,duomenys/laikotarpis,gov/ivpk,projects/atviriduomenys.lt,id,0.0,
19,gov/ivpk/opendata.gov.lt,duomenys/laikotarpis,gov/ivpk,projects/atviriduomenys.lt,pavadinimas,0.0,
20,gov/ivpk/opendata.gov.lt,duomenys/laikotarpis,gov/ivpk,projects/atviriduomenys.lt,nuo,1.0,
21,gov/ivpk/opendata.gov.lt,duomenys/laikotarpis,gov/ivpk,projects/atviriduomenys.lt,iki,1.0,
22,gov/ivpk/opendata.gov.lt,duomenys/vietovė,gov/ivpk,projects/atviriduomenys.lt,id,0.0,
23,gov/ivpk/opendata.gov.lt,duomenys/vietovė,gov/ivpk,projects/atviriduomenys.lt,pavadinimas,0.0,
24,gov/ivpk/opendata.gov.lt,duomenys/vietovė,gov/ivpk,projects/atviriduomenys.lt,koordinatės,0.0,
25,gov/ivpk/opendata.gov.lt,duomenys/dažnumas,gov/ivpk,projects/atviriduomenys.lt,id,0.0,
26,gov/ivpk/opendata.gov.lt,duomenys/dažnumas,gov/ivpk,projects/atviriduomenys.lt,pavadinimas,1.0,
27,gov/ivpk/opendata.gov.lt,duomenys/tiekėjas,gov/ivpk,projects/atviriduomenys.lt,id,0.0,
28,gov/ivpk/opendata.gov.lt,duomenys/tiekėjas,gov/ivpk,projects/atviriduomenys.lt,pavadinimas,1.0,
29,gov/lrs/ad,politika/seimas/kadencija,gov/lrs,projects/manopozicija.lt,pavadinimas,2.0,8.0
30,gov/lrs/ad,politika/seimas/kadencija,gov/lrs,projects/manopozicija.lt,nuo,2.0,8.0
31,gov/lrs/ad,politika/seimas/kadencija,gov/lrs,projects/manopozicija.lt,iki,2.0,8.0
32,gov/lrs/ad,politika/seimas/seimo_narys,gov/lrs,projects/manopozicija.lt,vardas,2.0,8.0
33,gov/lrs/ad,politika/seimas/seimo_narys,gov/lrs,projects/manopozicija.lt,pavardė,2.0,8.0
34,gov/lrs/ad,politika/seimas/seimo_narys,gov/lrs,projects/manopozicija.lt,gimimo_data,1.0,8.0
35,gov/lrs/ad,politika/seimas/seimo_narys,gov/lrs,projects/manopozicija.lt,mirties_data,0.0,8.0
36,gov/lrs/ad,politika/seimas/seimo_narys,gov/lrs,projects/manopozicija.lt,gimimo_vieta,1.0,8.0
37,gov/lrs/ad,politika/seimas/seimo_narys,gov/lrs,projects/manopozicija.lt,nuotrauka,1.0,8.0
38,gov/lrs/ad,politika/seimas/kontaktas,gov/lrs,projects/manopozicija.lt,seimo_narys,2.0,8.0
39,gov/lrs/ad,politika/seimas/kontaktas,gov/lrs,projects/manopozicija.lt,rūšis,2.0,8.0
40,gov/lrs/ad,politika/seimas/kontaktas,gov/lrs,projects/manopozicija.lt,reikšmė,2.0,8.0
41,gov/lrs/ad,politika/seimas/mandatas,gov/lrs,projects/manopozicija.lt,kadencija,2.0,8.0
42,gov/lrs/ad,politika/seimas/mandatas,gov/lrs,projects/manopozicija.lt,seimo_narys,2.0,8.0
43,gov/lrs/ad,politika/seimas/mandatas,gov/lrs,projects/manopozicija.lt,kas_iškėlė,1.0,8.0
44,gov/lrs/ad,politika/seimas/mandatas,gov/lrs,projects/manopozicija.lt,nuo,2.0,8.0
45,gov/lrs/ad,politika/seimas/mandatas,gov/lrs,projects/manopozicija.lt,iki,2.0,8.0
46,gov/vrk/rinkejopuslapis.lt/kandidatai,politika/partija,gov/vrk,projects/manopozicija.lt,pavadinimas,2.0,8.0
47,gov/lrs/ad,politika/partija,gov/lrs,projects/manopozicija.lt,trumpinys,1.0,8.0
48,gov/lrs/ad,politika/seimas/frakcija,gov/lrs,projects/manopozicija.lt,pavadinimas,2.0,8.0
49,gov/lrs/ad,politika/seimas/frakcija,gov/lrs,projects/manopozicija.lt,trumpinys,2.0,8.0
50,gov/lrs/ad,politika/seimas/pareigos,gov/lrs,projects/manopozicija.lt,seimo_narys,2.0,8.0
51,gov/lrs/ad,politika/seimas/pareigos,gov/lrs,projects/manopozicija.lt,grupė,2.0,8.0
52,gov/lrs/ad,politika/seimas/pareigos,gov/lrs,projects/manopozicija.lt,pareigos,2.0,8.0
53,gov/lrs/ad,politika/seimas/pareigos,gov/lrs,projects/manopozicija.lt,nuo,0.0,8.0
54,gov/lrs/ad,politika/seimas/pareigos,gov/lrs,projects/manopozicija.lt,iki,0.0,8.0
55,gov/lrs/ad,politika/seimas/grupė,gov/lrs,projects/manopozicija.lt,pavadinimas,0.0,8.0
56,gov/lrs/ad,politika/seimas/grupė,gov/lrs,projects/manopozicija.lt,rūšis,0.0,8.0
57,gov/lrs/ad,politika/seimas/grupė,gov/lrs,projects/manopozicija.lt,sukurta,0.0,8.0
58,gov/lrs/ad,politika/seimas/grupė,gov/lrs,projects/manopozicija.lt,panaikinta,0.0,8.0
59,gov/lrs/ad,politika/seimas/grupė,gov/lrs,projects/manopozicija.lt,priklauso,0.0,8.0
60,gov/savivaldybės/vilnius/taryba,politika/savivaldybės/tarybos_narys,gov/savivaldybės/vilnius,projects/manopozicija.lt,id,0.0,8.0
61,gov/savivaldybės/vilnius/taryba,politika/savivaldybės/tarybos_narys,gov/savivaldybės/vilnius,projects/manopozicija.lt,vardas,1.0,8.0
62,gov/savivaldybės/vilnius/taryba,politika/savivaldybės/tarybos_narys,gov/savivaldybės/vilnius,projects/manopozicija.lt,pavardė,1.0,8.0
63,gov/savivaldybės/vilnius/taryba,politika/savivaldybės/tarybos_narys,gov/savivaldybės/vilnius,projects/manopozicija.lt,gimimo_data,0.0,8.0
64,gov/savivaldybės/vilnius/taryba,politika/savivaldybės/tarybos_narys,gov/savivaldybės/vilnius,projects/manopozicija.lt,mirties_data,0.0,8.0
65,gov/savivaldybės/vilnius/taryba,politika/savivaldybės/tarybos_narys,gov/savivaldybės/vilnius,projects/manopozicija.lt,gimimo_vieta,0.0,8.0
66,gov/savivaldybės/vilnius/taryba,politika/savivaldybės/tarybos_narys,gov/savivaldybės/vilnius,projects/manopozicija.lt,nuotrauka,0.0,8.0
67,gov/lrs/ad,politika/seimas/kadencija,gov/lrs,projects/manoseimas.lt,pavadinimas,2.0,19607.285714285714
68,gov/lrs/ad,politika/seimas/kadencija,gov/lrs,projects/manoseimas.lt,nuo,2.0,19607.285714285714
69,gov/lrs/ad,politika/seimas/kadencija,gov/lrs,projects/manoseimas.lt,iki,2.0,19607.285714285714
70,gov/lrs/ad,politika/seimas/seimo_narys,gov/lrs,projects/manoseimas.lt,vardas,2.0,19607.285714285714
71,gov/lrs/ad,politika/seimas/seimo_narys,gov/lrs,projects/manoseimas.lt,pavardė,2.0,19607.285714285714
72,gov/lrs/ad,politika/seimas/seimo_narys,gov/lrs,projects/manoseimas.lt,gimimo_data,1.0,19607.285714285714
73,gov/lrs/ad,politika/seimas/seimo_narys,gov/lrs,projects/manoseimas.lt,mirties_data,0.0,19607.285714285714
74,gov/lrs/ad,politika/seimas/seimo_narys,gov/lrs,projects/manoseimas.lt,gimimo_vieta,1.0,19607.285714285714
75,gov/lrs/ad,politika/seimas/seimo_narys,gov/lrs,projects/manoseimas.lt,nuotrauka,1.0,19607.285714285714
76,gov/lrs/ad,politika/seimas/kontaktas,gov/lrs,projects/manoseimas.lt,seimo_narys,2.0,19607.285714285714
77,gov/lrs/ad,politika/seimas/kontaktas,gov/lrs,projects/manoseimas.lt,rūšis,2.0,19607.285714285714
78,gov/lrs/ad,politika/seimas/kontaktas,gov/lrs,projects/manoseimas.lt,reikšmė,2.0,19607.285714285714
79,gov/lrs/ad,politika/seimas/mandatas,gov/lrs,projects/manoseimas.lt,kadencija,2.0,19607.285714285714
80,gov/lrs/ad,politika/seimas/mandatas,gov/lrs,projects/manoseimas.lt,seimo_narys,2.0,19607.285714285714
81,gov/lrs/ad,politika/seimas/mandatas,gov/lrs,projects/manoseimas.lt,kas_iškėlė,1.0,19607.285714285714
82,gov/lrs/ad,politika/seimas/mandatas,gov/lrs,projects/manoseimas.lt,nuo,2.0,19607.285714285714
83,gov/lrs/ad,politika/seimas/mandatas,gov/lrs,projects/manoseimas.lt,iki,2.0,19607.285714285714
84,gov/vrk/rinkejopuslapis.lt/kandidatai,politika/partija,gov/vrk,projects/manoseimas.lt,pavadinimas,2.0,19607.285714285714
85,gov/lrs/ad,politika/partija,gov/lrs,projects/manoseimas.lt,trumpinys,1.0,19607.285714285714
86,gov/lrs/ad,politika/seimas/frakcija,gov/lrs,projects/manoseimas.lt,pavadinimas,2.0,19607.285714285714
87,gov/lrs/ad,politika/seimas/frakcija,gov/lrs,projects/manoseimas.lt,trumpinys,2.0,19607.285714285714
88,gov/lrs/ad,politika/seimas/pareigos,gov/lrs,projects/manoseimas.lt,seimo_narys,2.0,19607.285714285714
89,gov/lrs/ad,politika/seimas/pareigos,gov/lrs,projects/manoseimas.lt,grupė,2.0,19607.285714285714
90,gov/lrs/ad,politika/seimas/pareigos,gov/lrs,projects/manoseimas.lt,pareigos,2.0,19607.285714285714
91,gov/lrs/ad,politika/seimas/pareigos,gov/lrs,projects/manoseimas.lt,nuo,0.0,19607.285714285714
92,gov/lrs/ad,politika/seimas/pareigos,gov/lrs,projects/manoseimas.lt,iki,0.0,19607.285714285714
93,gov/lrs/ad,politika/seimas/grupė,gov/lrs,projects/manoseimas.lt,pavadinimas,0.0,19607.285714285714
94,gov/lrs/ad,politika/seimas/grupė,gov/lrs,projects/manoseimas.lt,rūšis,0.0,19607.285714285714
95,gov/lrs/ad,politika/seimas/grupė,gov/lrs,projects/manoseimas.lt,sukurta,0.0,19607.285714285714
96,gov/lrs/ad,politika/seimas/grupė,gov/lrs,projects/manoseimas.lt,panaikinta,0.0,19607.285714285714
97,gov/lrs/ad,politika/seimas/grupė,gov/lrs,projects/manoseimas.lt,priklauso,0.0,19607.285714285714
98,gov/rc/jar,teise/juridinis_asmuo,gov/rc,gov/vrk,pavadinimas,0.0,
99,gov/rc/jar,teise/juridinis_asmuo,gov/rc,gov/vrk,kodas,0.0,
100,gov/rc/jar,teise/juridinis_asmuo,gov/rc,gov/vrk,veiklos_pobudis,0.0,
101,gov/vrk/vrk.lt/kandiidato_puslapis,politika/rinkimai/kandidatas,gov/vrk,rinkimai/tapino_balas,rinkimai,1.0,1000.0
102,gov/vrk/vrk.lt/kandiidato_puslapis,politika/rinkimai/kandidatas,gov/vrk,rinkimai/tapino_balas,asmuo,0.0,1000.0
103,gov/vrk/vrk.lt/kandiidato_puslapis,politika/rinkimai/kandidatas,gov/vrk,rinkimai/tapino_balas,partija,1.0,1000.0
104,gov/vrk/vrk.lt/kandiidato_puslapis,politika/rinkimai/kandidatas,gov/vrk,rinkimai/tapino_balas,sarasas,1.0,1000.0
105,gov/vrk/rinkejopuslapis.lt/kandidatai,politika/rinkimai/kandidatas,gov/vrk,rinkimai/tapino_balas,vardas,2.0,1000.0
106,gov/vrk/rinkejopuslapis.lt/kandidatai,politika/rinkimai/kandidatas,gov/vrk,rinkimai/tapino_balas,pavarde,2.0,1000.0
107,gov/vrk/rinkejopuslapis.lt/kandidatai,politika/rinkimai/kandidatas,gov/vrk,rinkimai/tapino_balas,isrinktas_kartu,2.0,1000.0
108,gov/vrk/rinkejopuslapis.lt/kandidatai,politika/rinkimai/kandidatas,gov/vrk,rinkimai/tapino_balas,isrinktas_pirma_karta,2.0,1000.0
109,gov/vrk/rinkejopuslapis.lt/kandidatai,politika/rinkimai/kandidatas,gov/vrk,rinkimai/tapino_balas,isrinktas_paskutini_karta,2.0,1000.0
110,gov/vrk/vrk.lt/kandiidato_puslapis,politika/rinkimai/kandidatas,gov/vrk,rinkimai/tapino_balas,gimimo_data,1.0,1000.0
111,gov/vrk/vrk.lt/kandiidato_puslapis,politika/rinkimai/kandidatas,gov/vrk,rinkimai/tapino_balas,uzsienio_kalbos,1.0,1000.0
112,gov/vrk/vrk.lt/kandiidato_puslapis,politika/rinkimai/kandidatas,gov/vrk,rinkimai/tapino_balas,mokslo_laipsnis,1.0,1000.0
113,gov/vrk/vrk.lt/kandiidato_puslapis,politika/rinkimai/kandidatas,gov/vrk,rinkimai/tapino_balas,issilavinimas,1.0,1000.0
114,gov/vrk/vrk.lt/kandiidato_puslapis,politika/rinkimai/kandidatas,gov/vrk,rinkimai/tapino_balas,isrinktas,1.0,1000.0
115,gov/vrk/vrk.lt/kandiidato_puslapis,politika/rinkimai/kandidatas,gov/vrk,rinkimai/tapino_balas,pareigos,1.0,1000.0
116,gov/vrk/vrk.lt/kandiidato_puslapis,politika/rinkimai/kandidatas,gov/vrk,rinkimai/tapino_balas,turtas,1.0,1000.0
117,gov/vrk/vrk.lt/kandiidato_puslapis,politika/rinkimai/kandidatas,gov/vrk,rinkimai/tapino_balas,vertybes,1.0,1000.0
118,gov/vrk/vrk.lt/kandiidato_puslapis,politika/rinkimai/kandidatas,gov/vrk,rinkimai/tapino_balas,pinigai,1.0,1000.0
119,gov/vrk/vrk.lt/kandiidato_puslapis,politika/rinkimai/kandidatas,gov/vrk,rinkimai/tapino_balas,suteiktos_paskolos,1.0,1000.0
120,gov/vrk/vrk.lt/kandiidato_puslapis,politika/rinkimai/kandidatas,gov/vrk,rinkimai/tapino_balas,gautos_paskolos,1.0,1000.0
121,gov/vrk/vrk.lt/kandiidato_puslapis,politika/rinkimai/kandidatas,gov/vrk,rinkimai/tapino_balas,pajamos,1.0,1000.0
122,gov/vrk/vrk.lt/kandiidato_puslapis,politika/rinkimai/kandidatas,gov/vrk,rinkimai/tapino_balas,mokesciai,1.0,1000.0
123,gov/vrk/vrk.lt/kandiidato_puslapis,politika/rinkimai/kandidatas,gov/vrk,rinkimai/tapino_balas,interesai,1.0,1000.0
124,gov/vrk/vrk.lt/kandiidato_puslapis,politika/rinkimai/kandidatas/kalba,gov/vrk,rinkimai/tapino_balas,pavadinimas,1.0,1000.0
125,gov/vrk/rinkejopuslapis.lt/kandidatai,politika/partija,gov/vrk,rinkimai/tapino_balas,pavadinimas,2.0,1000.0
126,gov/vrk/vrk.lt/kandiidato_puslapis,politika/rinkimai/kandidatas/issilavinimas,gov/vrk,rinkimai/tapino_balas,issilavinimas,1.0,1000.0
127,gov/vrk/vrk.lt/kandiidato_puslapis,politika/rinkimai/kandidatas/issilavinimas,gov/vrk,rinkimai/tapino_balas,mokymo_istaiga,1.0,1000.0
128,gov/vrk/vrk.lt/kandiidato_puslapis,politika/rinkimai/kandidatas/issilavinimas,gov/vrk,rinkimai/tapino_balas,baigimo_metai,1.0,1000.0
129,gov/vrk/vrk.lt/kandiidato_puslapis,politika/rinkimai/kandidatas/issilavinimas,gov/vrk,rinkimai/tapino_balas,specialybe,1.0,1000.0
130,gov/vrk/vrk.lt/kandiidato_puslapis,teise/juridinis_asmuo,gov/vrk,rinkimai/tapino_balas,pavadinimas,1.0,1000.0
131,gov/rc/jar,teise/juridinis_asmuo,gov/rc,rinkimai/tapino_balas,salis,0.0,1000.0
132,gov/vrk/vrk.lt/kandiidato_puslapis,politika/rinkimai/kandidatas/pareigos,gov/vrk,rinkimai/tapino_balas,darboviete,1.0,1000.0
133,gov/vrk/vrk.lt/kandiidato_puslapis,politika/rinkimai/kandidatas/pareigos,gov/vrk,rinkimai/tapino_balas,pareigos,1.0,1000.0
134,,politika/rinkimai/kandidatas/pareigos,,rinkimai/tapino_balas,nuo,0.0,1000.0
135,,politika/rinkimai/kandidatas/pareigos,,rinkimai/tapino_balas,iki,0.0,1000.0
136,gov/vrk/vrk.lt/kandiidato_puslapis,politika/rinkimai/kandidatas/isrinktas,gov/vrk,rinkimai/tapino_balas,institucija,1.0,1000.0
137,gov/vrk/vrk.lt/kandiidato_puslapis,politika/rinkimai/kandidatas/isrinktas,gov/vrk,rinkimai/tapino_balas,pareigos,1.0,1000.0
138,gov/vrk/vrk.lt/kandiidato_puslapis,politika/rinkimai/kandidatas/isrinktas,gov/vrk,rinkimai/tapino_balas,nuo,1.0,1000.0
139,gov/vrk/vrk.lt/kandiidato_puslapis,politika/rinkimai/kandidatas/isrinktas,gov/vrk,rinkimai/tapino_balas,iki,1.0,1000.0
140,gov/vrk/vrk.lt/kandiidato_puslapis,politika/rinkimai/kandidatas/interesas,gov/vrk,rinkimai/tapino_balas,asmuo,1.0,1000.0
141,gov/vrk/vrk.lt/kandiidato_puslapis,politika/rinkimai/kandidatas/interesas,gov/vrk,rinkimai/tapino_balas,salis,1.0,1000.0
142,gov/vrk/vrk.lt/kandiidato_puslapis,politika/rinkimai/kandidatas/interesas,gov/vrk,rinkimai/tapino_balas,rysys,1.0,1000.0
143,gov/vrk/vrk.lt/kandiidato_puslapis,politika/rinkimai/kandidatas/interesas,gov/vrk,rinkimai/tapino_balas,nuo,1.0,1000.0
144,gov/vrk/vrk.lt/kandiidato_puslapis,politika/rinkimai/kandidatas/interesas,gov/vrk,rinkimai/tapino_balas,iki,1.0,1000.0
145,gov/vrk/vrk.lt/kandiidato_puslapis,politika/rinkimai/kandidatas/interesas,gov/vrk,rinkimai/tapino_balas,juridinis_asmuo,1.0,1000.0
146,,geografija/salis,,rinkimai/tapino_balas,pavadinimas,0.0,1000.0
147,,geografija/salis,,rinkimai/tapino_balas,priklauso,0.0,1000.0
148,,geografija/naryste,,rinkimai/tapino_balas,nuo,0.0,1000.0
149,,geografija/naryste,,rinkimai/tapino_balas,iki,0.0,1000.0
150,,geografija/konfederacija,,rinkimai/tapino_balas,pavadinimas,0.0,1000.0
151,gov/lrs/ad,politika/seimas/seimo_narys,gov/lrs,,id,2.0,
152,gov/lrs/ad,politika/seimas/seimo_narys,gov/lrs,,asmens_id,2.0,
153,gov/lrs/ad,politika/seimas/kontaktas,gov/lrs,,id,1.0,
154,gov/lrs/ad,politika/seimas/mandatas,gov/lrs,,id,0.0,
155,gov/lrs/ad,politika/seimas/kadencija,gov/lrs,,id,2.0,
156,gov/lrs/ad,politika/partija,gov/lrs,,id,0.0,
157,gov/lrs/ad,politika/partija,gov/lrs,,pavadinimas,2.0,
158,gov/lrs/ad,politika/seimas/frakcija,gov/lrs,,id,2.0,
159,gov/lrs/ad,politika/seimas/frakcija,gov/lrs,,kadencija,2.0,
160,gov/ivpk/opendata.gov.lt,duomenys/rinkinys,gov/ivpk,,urlid,1.0,
161,gov/savivaldybės/kaunas/municipality/educational_institutions,educational_institution,gov/kaunas/municipality,,name,3.0,
162,gov/savivaldybės/kaunas/municipality/educational_institutions,educational_institution,gov/kaunas/municipality,,id,3.0,
163,gov/savivaldybės/kaunas/municipality/educational_institutions,educational_institution,gov/kaunas/municipality,,address,3.0,
164,gov/savivaldybės/kaunas/municipality/educational_institutions,educational_institution,gov/kaunas/municipality,,management_email,3.0,
165,gov/savivaldybės/kaunas/municipality/educational_institutions,educational_institution,gov/kaunas/municipality,,phone_number,3.0,
166,gov/savivaldybės/kaunas/municipality/educational_institutions,educational_institution,gov/kaunas/municipality,,home_page,3.0,
167,gov/savivaldybės/kaunas/municipality/road_signs,road_sign,gov/kaunas/municipality,,object_id,3.0,
168,gov/savivaldybės/kaunas/municipality/road_signs,road_sign,gov/kaunas/municipality,,sign_id,3.0,
169,gov/savivaldybės/kaunas/municipality/road_signs,road_sign,gov/kaunas/municipality,,type,3.0,
170,gov/savivaldybės/kaunas/municipality/road_signs,road_sign,gov/kaunas/municipality,,sign_text,3.0,
171,gov/savivaldybės/kaunas/municipality/road_signs,road_sign,gov/kaunas/municipality,,direction_of_effect,3.0,
172,gov/savivaldybės/kaunas/municipality/road_signs,road_sign,gov/kaunas/municipality,,rotation_degree,3.0,
173,gov/savivaldybės/kaunas/municipality/road_signs,road_sign,gov/kaunas/municipality,,state,3.0,
174,gov/savivaldybės/kaunas/municipality/road_signs,road_sign,gov/kaunas/municipality,,GUID,3.0,
175,gov/savivaldybės/kaunas/municipality/road_signs,road_sign,gov/kaunas/municipality,,from_top,3.0,
176,gov/savivaldybės/kaunas/municipality/road_signs,road_sign,gov/kaunas/municipality,,sign_category,3.0,
177,gov/savivaldybės/kaunas/municipality/road_signs,road_sign,gov/kaunas/municipality,,decision_date,3.0,
178,gov/savivaldybės/kaunas/municipality/road_signs,road_sign,gov/kaunas/municipality,,implementation_date,3.0,
179,gov/savivaldybės/kaunas/municipality/road_signs,road_sign,gov/kaunas/municipality,,duration_start,3.0,
180,gov/savivaldybės/kaunas/municipality/road_signs,road_sign,gov/kaunas/municipality,,duration_end,3.0,
181,gov/savivaldybės/kaunas/municipality/road_signs,road_sign,gov/kaunas/municipality,,height,3.0,
182,gov/savivaldybės/kaunas/municipality/road_signs,road_sign,gov/kaunas/municipality,,ket_number,3.0,
183,gov/savivaldybės/kaunas/municipality/road_signs,road_sign,gov/kaunas/municipality,,status,3.0,
184,gov/savivaldybės/kaunas/municipality/road_signs,road_sign,gov/kaunas/municipality,,file_sys_name,3.0,
185,gov/savivaldybės/kaunas/municipality/road_signs,road_sign,gov/kaunas/municipality,,decision_number,3.0,
186,gov/savivaldybės/kaunas/municipality/road_signs,road_sign,gov/kaunas/municipality,,inventorization_padetis,3.0,
187,gov/savivaldybės/kaunas/municipality/road_signs,road_sign,gov/kaunas/municipality,,visibility,3.0,
188,gov/savivaldybės/kaunas/municipality/road_signs,road_sign,gov/kaunas/municipality,,reflection_group,3.0,
189,gov/savivaldybės/kaunas/municipality/road_signs,road_sign,gov/kaunas/municipality,,address,3.0,
190,gov/savivaldybės/kaunas/municipality/road_signs,road_sign,gov/kaunas/municipality,,removal_reason,3.0,
191,gov/savivaldybės/kaunas/municipality/road_signs,road_sign,gov/kaunas/municipality,,removal_date,3.0,
192,gov/savivaldybės/kaunas/municipality/road_signs,road_sign,gov/kaunas/municipality,,global_id,3.0,
193,gov/savivaldybės/kaunas/municipality/road_signs,road_sign,gov/kaunas/municipality,,id_relation,3.0,
194,gov/policija/epolicija/eismo_įvykiai,policija/eismas/įvykis,gov/lrs,,savivaldybė,2.0,
195,gov/policija/epolicija/eismo_įvykiai,policija/eismas/įvykis,gov/lrs,,data,2.0,
196,gov/policija/epolicija/eismo_įvykiai,policija/eismas/įvykis,gov/lrs,,laikas,2.0,
197,gov/policija/epolicija/eismo_įvykiai,policija/eismas/įvykis,gov/lrs,,registro_kodas,2.0,
198,gov/policija/epolicija/eismo_įvykiai,policija/eismas/įvykis,gov/lrs,,įvykio_rūšis,2.0,
199,gov/policija/epolicija/eismo_įvykiai,policija/eismas/įvykis,gov/lrs,,unnamed_5,2.0,
200,gov/policija/epolicija/eismo_įvykiai,policija/eismas/įvykis,gov/lrs,,unnamed_6,2.0,
201,gov/policija/epolicija/eismo_įvykiai,policija/eismas/įvykis,gov/lrs,,dalyvių_skaičius,2.0,
202,gov/policija/epolicija/eismo_įvykiai,policija/eismas/įvykis,gov/lrs,,žuvusių_skaičius,2.0,
203,gov/policija/epolicija/eismo_įvykiai,policija/eismas/įvykis,gov/lrs,,sužeistų_skaičius,2.0,
204,gov/policija/epolicija/eismo_įvykiai,policija/eismas/įvykis,gov/lrs,,dalyvavusių_transporto_priemonių_skaičius,2.0,
205,gov/policija/epolicija/eismo_įvykiai,policija/eismas/įvykis,gov/lrs,,apgadintų_transporto_priemonių_skaičius,2.0,
206,gov/policija/epolicija/eismo_įvykiai,policija/eismas/įvykis,gov/lrs,,įvykio_vieta,2.0,
207,gov/policija/epolicija/eismo_įvykiai,policija/eismas/įvykis,gov/lrs,,gatvė,2.0,
208,gov/policija/epolicija/eismo_įvykiai,policija/eismas/įvykis,gov/lrs,,namo_numeris,2.0,
209,gov/policija/epolicija/eismo_įvykiai,policija/eismas/įvykis,gov/lrs,,kita_gatvė_sankryžoje,2.0,
210,gov/policija/epolicija/eismo_įvykiai,policija/eismas/įvykis,gov/lrs,,kelio_pavadinimas,2.0,
211,gov/policija/epolicija/eismo_įvykiai,policija/eismas/įvykis,gov/lrs,,kelio_reikšmė,2.0,
212,gov/policija/epolicija/eismo_įvykiai,policija/eismas/įvykis,gov/lrs,,atstumas_nuo_kelio_pradžios,2.0,
213,gov/policija/epolicija/eismo_įvykiai,policija/eismas/įvykis,gov/lrs,,dangos_rūšis,2.0,
214,gov/policija/epolicija/eismo_įvykiai,policija/eismas/įvykis,gov/lrs,,dangos_būklė,2.0,
215,gov/policija/epolicija/eismo_įvykiai,policija/eismas/įvykis,gov/lrs,,paros_metas,2.0,
216,gov/policija/epolicija/eismo_įvykiai,policija/eismas/įvykis,gov/lrs,,apšvietimas,2.0,
217,gov/policija/epolicija/eismo_įvykiai,policija/eismas/įvykis,gov/lrs,,meteorologinės_sąlygos,2.0,
218,gov/policija/epolicija/eismo_įvykiai,policija/eismas/įvykis,gov/lrs,,unnamed_24,2.0,
219,gov/policija/epolicija/eismo_įvykiai,policija/eismas/įvykis,gov/lrs,,kelio_gatvės_kreivė,2.0,
220,gov/policija/epolicija/eismo_įvykiai,policija/eismas/įvykis,gov/lrs,,nulemiantys_veiksniai,2.0,
221,gov/policija/epolicija/eismo_įvykiai,policija/eismas/įvykis,gov/lrs,,unnamed_27,2.0,
222,gov/policija/epolicija/eismo_įvykiai,policija/eismas/įvykis,gov/lrs,,atitvarai_1_yra_0_nėra_,2.0,
223,gov/policija/epolicija/eismo_įvykiai,policija/eismas/įvykis,gov/lrs,,sankryžos_tipas,2.0,
224,gov/policija/epolicija/eismo_įvykiai,policija/eismas/įvykis,gov/lrs,,kelio_gatvės_elementai,2.0,
225,gov/policija/epolicija/eismo_įvykiai,policija/eismas/įvykis,gov/lrs,,unnamed_31,2.0,
226,gov/policija/epolicija/eismo_įvykiai,policija/eismas/įvykis,gov/lrs,,transporto_priemonės_registracijos_valstybė,2.0,
227,gov/policija/epolicija/eismo_įvykiai,policija/eismas/įvykis,gov/lrs,,transporto_priemonės_kategorija,2.0,
228,gov/policija/epolicija/eismo_įvykiai,policija/eismas/įvykis,gov/lrs,,markė,2.0,
229,gov/policija/epolicija/eismo_įvykiai,policija/eismas/įvykis,gov/lrs,,modelis,2.0,
230,gov/policija/epolicija/eismo_įvykiai,policija/eismas/įvykis,gov/lrs,,pagaminimo_metai,2.0,
231,gov/policija/epolicija/eismo_įvykiai,policija/eismas/įvykis,gov/lrs,,pasišalinimas_iš_įvykio_vietos_1_pasišalino_0_nepasišalino_,2.0,
232,gov/policija/epolicija/eismo_įvykiai,policija/eismas/įvykis,gov/lrs,,transporto_priemonės_ypatumai,2.0,
233,gov/policija/epolicija/eismo_įvykiai,policija/eismas/įvykis,gov/lrs,,gedimai_nulėmę_eismo_įvykį,2.0,
234,gov/policija/epolicija/eismo_įvykiai,policija/eismas/įvykis,gov/lrs,,unnamed_40,2.0,
235,gov/policija/epolicija/eismo_įvykiai,policija/eismas/įvykis,gov/lrs,,pirminis_smūgis,2.0,
236,gov/policija/epolicija/eismo_įvykiai,policija/eismas/įvykis,gov/lrs,,apgadinimai,2.0,
237,gov/policija/epolicija/eismo_įvykiai,policija/eismas/įvykis,gov/lrs,,eismo_įvykio_dalyvio_kategorija,2.0,
238,gov/policija/epolicija/eismo_įvykiai,policija/eismas/įvykis,gov/lrs,,pasišalinimas_iš_įvykio_vietos_1_taip_0_ne_,2.0,
239,gov/policija/epolicija/eismo_įvykiai,policija/eismas/įvykis,gov/lrs,,ket_pažeidimas_dėl_kurio_įvyko_eismo_įvykis,2.0,
240,gov/policija/epolicija/eismo_įvykiai,policija/eismas/įvykis,gov/lrs,,kiti_ket_pažeidimai,2.0,
241,gov/policija/epolicija/eismo_įvykiai,policija/eismas/įvykis,gov/lrs,,unnamed_47,2.0,
242,gov/policija/epolicija/eismo_įvykiai,policija/eismas/įvykis,gov/lrs,,unnamed_48,2.0,
243,gov/policija/epolicija/eismo_įvykiai,policija/eismas/įvykis,gov/lrs,,lytis,2.0,
244,gov/policija/epolicija/eismo_įvykiai,policija/eismas/įvykis,gov/lrs,,pilietybė,2.0,
245,gov/policija/epolicija/eismo_įvykiai,policija/eismas/įvykis,gov/lrs,,gimimo_data,2.0,
246,gov/policija/epolicija/eismo_įvykiai,policija/eismas/įvykis,gov/lrs,,neįgalumas_1_taip_0_ne_,2.0,
247,gov/policija/epolicija/eismo_įvykiai,policija/eismas/įvykis,gov/lrs,,saugos_diržo_naudojimas,2.0,
248,gov/policija/epolicija/eismo_įvykiai,policija/eismas/įvykis,gov/lrs,,vaiko_sėdynės_naudojimas,2.0,
249,gov/policija/epolicija/eismo_įvykiai,policija/eismas/įvykis,gov/lrs,,unnamed_55,2.0,
250,gov/policija/epolicija/eismo_įvykiai,policija/eismas/įvykis,gov/lrs,,saugos_šalmo_naudojimas,2.0,
251,gov/policija/epolicija/eismo_įvykiai,policija/eismas/įvykis,gov/lrs,,oro_pagalvių_suveikimas,2.0,
252,gov/policija/epolicija/eismo_įvykiai,policija/eismas/įvykis,gov/lrs,,eismo_įvykio_dalyvio_būklė,2.0,
253,gov/policija/epolicija/eismo_įvykiai,policija/eismas/įvykis,gov/lrs,,unnamed_59,2.0,
254,gov/policija/epolicija/eismo_įvykiai,policija/eismas/įvykis,gov/lrs,,sveikatos_sutrikdymo_mastas,2.0,
255,gov/policija/epolicija/eismo_įvykiai,policija/eismas/įvykis,gov/lrs,,vairuotojo_kvalifikacija,2.0,
256,gov/policija/epolicija/eismo_įvykiai,policija/eismas/įvykis,gov/lrs,,vairavimo_stažas_metais,2.0,
257,gov/policija/epolicija/eismo_įvykiai,policija/eismas/įvykis,gov/lrs,,eismo_įvykio_dalyvio_būsena,2.0,
258,gov/policija/epolicija/eismo_įvykiai,policija/eismas/įvykis,gov/lrs,,unnamed_64,2.0,
259,gov/policija/epolicija/eismo_įvykiai,policija/eismas/įvykis,gov/lrs,,unnamed_65,2.0,
260,gov/policija/epolicija/eismo_įvykiai,policija/eismas/įvykis,gov/lrs,,unnamed_66,2.0,
261,gov/policija/epolicija/eismo_įvykiai,policija/eismas/įvykis,gov/lrs,,ar_asmuo_kaltas_dėl_eismo_įvykio_1_taip_0_ne_,2.0,
262,gov/vrk/vrkis,politika/rinkimai,gov/vrk,,id,4.0,
263,gov/vrk/vrkis,politika/rinkimai,gov/vrk,,pavadinimas,4.0,
264,gov/vrk/vrkis,politika/rinkimai,gov/vrk,,rusis,4.0,
265,gov/vrk/vrkis,politika/rinkimai/turas,gov/vrk,,id,4.0,
266,gov/vrk/vrkis,politika/rinkimai/turas,gov/vrk,,rinkimai,4.0,
267,gov/vrk/vrkis,politika/rinkimai/turas,gov/vrk,,numeris,4.0,
268,gov/vrk/vrkis,politika/rinkimai/turas,gov/vrk,,pavadinimas,4.0,
269,gov/vrk/vrkis,politika/rinkimai/turas,gov/vrk,,data,4.0,
270,gov/vrk/vrkis,politika/rinkimai/turas,gov/vrk,,einamieji,4.0,
271,gov/vrk/vrkis,politika/rinkimai/apygarda,gov/vrk,,id,2.0,
272,gov/vrk/vrkis,politika/rinkimai/apygarda,gov/vrk,,rinkimai,2.0,
273,gov/vrk/vrkis,politika/rinkimai/apygarda,gov/vrk,,numeris,2.0,
274,gov/vrk/vrkis,politika/rinkimai/apygarda,gov/vrk,,pavadinimas,2.0,
275,gov/vrk/vrkis,politika/rinkimai/apygarda,gov/vrk,,adresas,2.0,
276,gov/vrk/vrkis,politika/rinkimai/apygarda,gov/vrk,,telefonas,1.0,
277,gov/vrk/vrkis,politika/rinkimai/apygarda,gov/vrk,,el_pastas,1.0,
278,gov/vrk/vrkis,politika/rinkimai/apygarda,gov/vrk,,uzsienio,2.0,
279,gov/vrk/vrkis,politika/rinkimai/apylinke,gov/vrk,,numeris,2.0,
280,gov/vrk/vrkis,politika/rinkimai/apylinke,gov/vrk,,pavadinimas,2.0,
281,gov/vrk/vrkis,politika/rinkimai/apylinke,gov/vrk,,adresas,2.0,
282,gov/vrk/vrkis,politika/rinkimai/apylinke,gov/vrk,,telefonas,1.0,
283,gov/vrk/vrkis,politika/rinkimai/apylinke,gov/vrk,,el_pastas,1.0,
284,gov/vrk/vrkis,geografija/lietuva/gatve,gov/vrk,,pavadinimas,2.0,
285,gov/vrk/vrkis,geografija/lietuva/adresas,gov/vrk,,id,2.0,
286,gov/vrk/vrkis,geografija/lietuva/adresas,gov/vrk,,pavadinimas,2.0,
287,gov/vrk/vrkis,politika/rinkimai/aktyvumas/isankstinis/apygardose,gov/vrk,,turas,2.0,
288,gov/vrk/vrkis,politika/rinkimai/aktyvumas/isankstinis/apygardose,gov/vrk,,apygarda,2.0,
289,gov/vrk/vrkis,politika/rinkimai/aktyvumas/isankstinis/apygardose,gov/vrk,,rinkeju_skaicius,2.0,
290,gov/vrk/vrkis,politika/rinkimai/aktyvumas/isankstinis/apygardose,gov/vrk,,balsavo_is_anksto,2.0,
291,gov/vrk/vrkis,politika/rinkimai/aktyvumas/isankstinis/apygardose,gov/vrk,,balsavo_paste,2.0,
292,gov/vrk/vrkis,politika/rinkimai/aktyvumas/isankstinis/apygardose,gov/vrk,,balsavo_namuose,2.0,
293,gov/vrk/vrkis,politika/rinkimai/aktyvumas/isankstinis/apygardose,gov/vrk,,is_viso,2.0,
294,gov/vrk/vrkis,politika/rinkimai/aktyvumas/isankstinis/apygardose,gov/vrk,,procentas,2.0,
295,gov/vrk/vrkis,politika/rinkimai/aktyvumas/isankstinis/apygardose,gov/vrk,,proc_rusiavimui,2.0,
296,gov/vrk/vrkis,politika/rinkimai/aktyvumas/isankstinis/apylinkese,gov/vrk,,turas,2.0,
297,gov/vrk/vrkis,politika/rinkimai/aktyvumas/isankstinis/apylinkese,gov/vrk,,apygarda,2.0,
298,gov/vrk/vrkis,politika/rinkimai/aktyvumas/isankstinis/apylinkese,gov/vrk,,apylinke,2.0,
299,gov/vrk/vrkis,politika/rinkimai/aktyvumas/isankstinis/apylinkese,gov/vrk,,rinkeju_skaicius,2.0,
300,gov/vrk/vrkis,politika/rinkimai/aktyvumas/isankstinis/apylinkese,gov/vrk,,balsavo_is_anksto,2.0,
301,gov/vrk/vrkis,politika/rinkimai/aktyvumas/isankstinis/apylinkese,gov/vrk,,balsavo_paste,2.0,
302,gov/vrk/vrkis,politika/rinkimai/aktyvumas/isankstinis/apylinkese,gov/vrk,,balsavo_namuose,2.0,
303,gov/vrk/vrkis,politika/rinkimai/aktyvumas/isankstinis/apylinkese,gov/vrk,,is_viso,2.0,
304,gov/vrk/vrkis,politika/rinkimai/aktyvumas/isankstinis/apylinkese,gov/vrk,,procentas,2.0,
305,gov/vrk/vrkis,politika/rinkimai/aktyvumas/isankstinis/apylinkese,gov/vrk,,proc_rusiavimui,2.0,
306,gov/vrk/vrkis,politika/rinkimai/aktyvumas,gov/vrk,,turas,0.0,
307,gov/vrk/vrkis,politika/rinkimai/aktyvumas,gov/vrk,,apygarda,0.0,
308,gov/vrk/vrkis,politika/rinkimai/aktyvumas,gov/vrk,,apylinke,0.0,
309,gov/vrk/vrkis,politika/rinkimai/aktyvumas,gov/vrk,,rusis,0.0,
310,gov/vrk/vrkis,politika/rinkimai/aktyvumas,gov/vrk,,laikas,0.0,
311,gov/vrk/rinkejopuslapis.lt/kandidatai,politika/rinkimai/apygarda,gov/vrk,,numeris,2.0,
312,gov/vrk/rinkejopuslapis.lt/kandidatai,politika/rinkimai/apygarda,gov/vrk,,pavadinimas,2.0,
313,gov/vrk/rinkejopuslapis.lt/kandidatai,politika/rinkimai/kandidatas,gov/vrk,,rinkimai,1.0,
314,gov/vrk/rinkejopuslapis.lt/kandidatai,politika/rinkimai/kandidatas,gov/vrk,,asmuo,0.0,
315,gov/vrk/rinkejopuslapis.lt/kandidatai,politika/rinkimai/kandidatas,gov/vrk,,partija,1.0,
316,gov/vrk/rinkejopuslapis.lt/kandidatai,politika/rinkimai/kandidatas,gov/vrk,,sarasas,1.0,
317,gov/vrk/rinkejopuslapis.lt/kandidatai,politika/rinkimai/kandidatas,gov/vrk,,kandidato_nr_sarase,2.0,
318,gov/vrk/rinkejopuslapis.lt/kandidatai,politika/rinkimai/kandidatas,gov/vrk,,lytis,2.0,
319,gov/vrk/rinkejopuslapis.lt/kandidatai,politika/rinkimai/kandidatas,gov/vrk,,ar_isrinktas,1.0,
320,gov/vrk/rinkejopuslapis.lt/kandidatai,politika/rinkimai/kandidatas,gov/vrk,,dalyvavo_vienmandateje,2.0,
321,gov/vrk/rinkejopuslapis.lt/kandidatai,politika/rinkimai/kandidatas,gov/vrk,,dalyvavo_daugiamandateje,2.0,
322,gov/vrk/rinkejopuslapis.lt/kandidatai,politika/rinkimai,gov/vrk,,pavadinimas,2.0,
323,gov/vrk/rinkejopuslapis.lt/kandidatai,politika/rinkimai,gov/vrk,,data,2.0,
324,gov/vrk/rinkejopuslapis.lt/kandidatai,politika/rinkimai,gov/vrk,,rusis,2.0,
325,gov/vrk/rinkejopuslapis.lt/kandidatai,politika/rinkimai/kandidatas/sarasas,gov/vrk,,rinkimai,1.0,
326,gov/vrk/rinkejopuslapis.lt/kandidatai,politika/rinkimai/kandidatas/sarasas,gov/vrk,,numeris,2.0,
327,gov/vrk/rinkejopuslapis.lt/kandidatai,politika/rinkimai/kandidatas/sarasas,gov/vrk,,pavadinimas,2.0,
328,gov/vrk/rinkejopuslapis.lt/rezultatai/referendume_gauti_balsai,politika/rinkimai/apygarda,gov/vrk,,numeris,2.0,
329,gov/vrk/rinkejopuslapis.lt/rezultatai/referendume_gauti_balsai,politika/rinkimai/apygarda,gov/vrk,,pavadinimas,2.0,
330,gov/vrk/rinkejopuslapis.lt/rezultatai/referendume_gauti_balsai,politika/rinkimai/apylinke,gov/vrk,,numeris,2.0,
331,gov/vrk/rinkejopuslapis.lt/rezultatai/referendume_gauti_balsai,politika/rinkimai/apylinke,gov/vrk,,pavadinimas,2.0,
332,gov/vrk/rinkejopuslapis.lt/rezultatai/referendume_gauti_balsai,politika/rinkimai/referendumas,gov/vrk,,data,2.0,
333,gov/vrk/rinkejopuslapis.lt/rezultatai/referendume_gauti_balsai,politika/rinkimai/referendumas,gov/vrk,,pavadinimas,2.0,
334,gov/vrk/rinkejopuslapis.lt/rezultatai/referendume_gauti_balsai,politika/rinkimai/referendumas/aktyvumas,gov/vrk,,referendumas,1.0,
335,gov/vrk/rinkejopuslapis.lt/rezultatai/referendume_gauti_balsai,politika/rinkimai/referendumas/aktyvumas,gov/vrk,,apylinke,1.0,
336,gov/vrk/rinkejopuslapis.lt/rezultatai/referendume_gauti_balsai,politika/rinkimai/referendumas/aktyvumas,gov/vrk,,apygarda,1.0,
337,gov/vrk/rinkejopuslapis.lt/rezultatai/referendume_gauti_balsai,politika/rinkimai/referendumas/aktyvumas,gov/vrk,,klausimas,0.0,
338,gov/vrk/rinkejopuslapis.lt/rezultatai/referendume_gauti_balsai,politika/rinkimai/referendumas/aktyvumas,gov/vrk,,pradžia,0.0,
339,gov/vrk/rinkejopuslapis.lt/rezultatai/referendume_gauti_balsai,politika/rinkimai/referendumas/aktyvumas,gov/vrk,,pabaiga,0.0,
340,gov/vrk/rinkejopuslapis.lt/rezultatai/referendume_gauti_balsai,politika/rinkimai/referendumas/aktyvumas,gov/vrk,,laikotarpis,1.0,
341,gov/vrk/rinkejopuslapis.lt/rezultatai/referendume_gauti_balsai,politika/rinkimai/referendumas/aktyvumas,gov/vrk,,rinkeju_skaicius,0.0,
342,gov/vrk/rinkejopuslapis.lt/rezultatai/referendume_gauti_balsai,politika/rinkimai/referendumas/aktyvumas,gov/vrk,,balsu_skaicius,1.0,
343,gov/vrk/rinkejopuslapis.lt/rezultatai/referendume_gauti_balsai,politika/rinkimai/referendumas/klausimas,gov/vrk,,referendumas,1.0,
344,gov/vrk/rinkejopuslapis.lt/rezultatai/referendume_gauti_balsai,politika/rinkimai/referendumas/klausimas,gov/vrk,,klausimas,2.0,
345,gov/vrk/rinkejopuslapis.lt/rezultatai/referendume_gauti_balsai,politika/rinkimai/referendumas/rezultatas,gov/vrk,,referendumas,1.0,
346,gov/vrk/rinkejopuslapis.lt/rezultatai/referendume_gauti_balsai,politika/rinkimai/referendumas/rezultatas,gov/vrk,,apylinke,1.0,
347,gov/vrk/rinkejopuslapis.lt/rezultatai/referendume_gauti_balsai,politika/rinkimai/referendumas/rezultatas,gov/vrk,,apygarda,1.0,
348,gov/vrk/rinkejopuslapis.lt/rezultatai/referendume_gauti_balsai,politika/rinkimai/referendumas/rezultatas,gov/vrk,,klausimas,0.0,
349,gov/vrk/rinkejopuslapis.lt/rezultatai/referendume_gauti_balsai,politika/rinkimai/referendumas/rezultatas,gov/vrk,,ivyko,2.0,
350,gov/vrk/rinkejopuslapis.lt/rezultatai/referendume_gauti_balsai,politika/rinkimai/referendumas/rezultatas,gov/vrk,,pritarta,2.0,
351,gov/vrk/vrk.lt/kandiidato_puslapis,politika/rinkimai/apygarda,gov/vrk,,numeris,1.0,
352,gov/vrk/vrk.lt/kandiidato_puslapis,politika/rinkimai/apygarda,gov/vrk,,pavadinimas,1.0,
353,gov/vrk/vrk.lt/kandiidato_puslapis,politika/rinkimai/kandidatas,gov/vrk,,kandidato_nr_sarase,1.0,
354,gov/vrk/vrk.lt/kandiidato_puslapis,politika/rinkimai/kandidatas,gov/vrk,,nuotrauka,1.0,
355,gov/vrk/vrk.lt/kandiidato_puslapis,politika/rinkimai/kandidatas,gov/vrk,,vardas,1.0,
356,gov/vrk/vrk.lt/kandiidato_puslapis,politika/rinkimai/kandidatas,gov/vrk,,pavarde,1.0,
357,gov/vrk/vrk.lt/kandiidato_puslapis,politika/rinkimai/kandidatas,gov/vrk,,gyvenamos_vietos_adresas,1.0,
358,gov/vrk/vrk.lt/kandiidato_puslapis,politika/rinkimai/kandidatas,gov/vrk,,gimimo_vieta,1.0,
359,gov/vrk/vrk.lt/kandiidato_puslapis,politika/rinkimai/kandidatas,gov/vrk,,tautybe,1.0,
360,gov/vrk/vrk.lt/kandiidato_puslapis,politika/rinkimai/kandidatas,gov/vrk,,pomegiai,1.0,
361,gov/vrk/vrk.lt/kandiidato_puslapis,politika/rinkimai/kandidatas,gov/vrk,,seiminine_padetis,1.0,
362,gov/vrk/vrk.lt/kandiidato_puslapis,politika/rinkimai/kandidatas,gov/vrk,,sutuoktinis,1.0,
363,gov/vrk/vrk.lt/kandiidato_puslapis,politika/rinkimai/kandidatas,gov/vrk,,vaikai,1.0,
364,gov/vrk/vrk.lt/kandiidato_puslapis,politika/rinkimai/kandidatas,gov/vrk,,biografija,1.0,
365,gov/vrk/vrk.lt/kandiidato_puslapis,politika/rinkimai/kandidatas,gov/vrk,,kita,1.0,
366,gov/vrk/vrk.lt/kandiidato_puslapis,politika/rinkimai/kandidatas/pomegis,gov/vrk,,pavadinimas,1.0,
367,gov/vrk/vrk.lt/kandiidato_puslapis,politika/rinkimai/kandidatas/sutuoktinis,gov/vrk,,vardas,1.0,
368,gov/vrk/vrk.lt/kandiidato_puslapis,politika/rinkimai/kandidatas/sutuoktinis,gov/vrk,,pavarde,1.0,
369,gov/vrk/vrk.lt/kandiidato_puslapis,politika/rinkimai/kandidatas/vaikas,gov/vrk,,vardas,1.0,
370,gov/vrk/vrk.lt/kandiidato_puslapis,teise/juridinis_asmuo,gov/vrk,,kodas,1.0,
371,gov/vrk/vrk.lt/kandiidato_puslapis,teise/juridinis_asmuo,gov/vrk,,veiklos_pobudis,1.0,
372,gov/vrk/vrk.lt/kandiidato_puslapis,politika/rinkimai,gov/vrk,,pavadinimas,1.0,
373,gov/vrk/vrk.lt/kandiidato_puslapis,politika/rinkimai,gov/vrk,,data,1.0,
374,gov/vrk/vrk.lt/kandiidato_puslapis,politika/rinkimai,gov/vrk,,rusis,1.0,
375,gov/vrk/vrk.lt/kandiidato_puslapis,politika/rinkimai/kandidatas/sarasas,gov/vrk,,rinkimai,1.0,
376,gov/vrk/vrk.lt/kandiidato_puslapis,politika/rinkimai/kandidatas/sarasas,gov/vrk,,numeris,1.0,
377,gov/vrk/vrk.lt/kandiidato_puslapis,politika/rinkimai/kandidatas/sarasas,gov/vrk,,pavadinimas,1.0,
378,gov/vrk/vrk.lt/kandiidato_puslapis,politika/partija,gov/vrk,,pavadinimas,1.0,
379,gov/vrk/arcgis.com/EP_2014_R_APL,politika/rinkimai/apygarda,gov/vrk,,numeris,1.0,
380,gov/vrk/arcgis.com/EP_2014_R_APL,politika/rinkimai/apygarda,gov/vrk,,pavadinimas,1.0,
381,gov/vrk/arcgis.com/EP_2014_R_APL,politika/rinkimai/apylinke,gov/vrk,,numeris,1.0,
382,gov/vrk/arcgis.com/EP_2014_R_APL,politika/rinkimai/apylinke,gov/vrk,,pavadinimas,1.0,
383,gov/vrk/arcgis.com/EP_2014_R_APL,politika/rinkimai/europarlamento/rinkimai,gov/vrk,,data,1.0,
384,gov/vrk/arcgis.com/EP_2014_R_APL,politika/rinkimai/europarlamento/rinkimai,gov/vrk,,pavadinimas,1.0,
385,gov/vrk/arcgis.com/EP_2014_R_APL,politika/rinkimai/europarlamento/aktyvumas,gov/vrk,,rinkimai,1.0,
386,gov/vrk/arcgis.com/EP_2014_R_APL,politika/rinkimai/europarlamento/aktyvumas,gov/vrk,,apylinke,1.0,
387,gov/vrk/arcgis.com/EP_2014_R_APL,politika/rinkimai/europarlamento/aktyvumas,gov/vrk,,apygarda,1.0,
388,gov/vrk/arcgis.com/EP_2014_R_APL,politika/rinkimai/europarlamento/aktyvumas,gov/vrk,,pradžia,0.0,
389,gov/vrk/arcgis.com/EP_2014_R_APL,politika/rinkimai/europarlamento/aktyvumas,gov/vrk,,pabaiga,0.0,
390,gov/vrk/arcgis.com/EP_2014_R_APL,politika/rinkimai/europarlamento/aktyvumas,gov/vrk,,rinkeju_skaicius,1.0,
391,gov/vrk/arcgis.com/EP_2014_R_APL,politika/rinkimai/europarlamento/aktyvumas,gov/vrk,,balsu_skaicius,1.0,
392,gov/vrk/arcgis.com/EP_2014_R_APL,politika/rinkimai/europarlamento/aktyvumas,gov/vrk,,galiojanciu_balsu_skaicius,1.0,
393,gov/vrk/arcgis.com/EP_2014_R_APL,politika/rinkimai/europarlamento/rezultatas,gov/vrk,,rinkimai,1.0,
394,gov/vrk/arcgis.com/EP_2014_R_APL,politika/rinkimai/europarlamento/rezultatas,gov/vrk,,apylinke,1.0,
395,gov/vrk/arcgis.com/EP_2014_R_APL,politika/rinkimai/europarlamento/rezultatas,gov/vrk,,apygarda,1.0,
396,gov/vrk/arcgis.com/EP_2014_R_APL,politika/rinkimai/europarlamento/rezultatas,gov/vrk,,kandidatas,0.0,
397,gov/vrk/arcgis.com/EP_2014_R_APL,politika/rinkimai/europarlamento/rezultatas,gov/vrk,,balsu_skaicius,0.0,
398,gov/vrk/arcgis.com/EP_2014_R_APL,politika/rinkimai/europarlamento/rezultatas,gov/vrk,,balsu_skaicius_procentais,0.0,
399,gov/vrk/arcgis.com/EP_2014_R_APL,politika/rinkimai/europarlamento/rezultatas/partija,gov/vrk,,rinkimai,1.0,
400,gov/vrk/arcgis.com/EP_2014_R_APL,politika/rinkimai/europarlamento/rezultatas/partija,gov/vrk,,apylinke,1.0,
401,gov/vrk/arcgis.com/EP_2014_R_APL,politika/rinkimai/europarlamento/rezultatas/partija,gov/vrk,,apygarda,1.0,
402,gov/vrk/arcgis.com/EP_2014_R_APL,politika/rinkimai/europarlamento/rezultatas/partija,gov/vrk,,partija,1.0,
403,gov/vrk/arcgis.com/EP_2014_R_APL,politika/rinkimai/europarlamento/rezultatas/partija,gov/vrk,,balsu_skaicius,1.0,
404,gov/vrk/arcgis.com/EP_2014_R_APL,politika/rinkimai/europarlamento/rezultatas/partija,gov/vrk,,balsu_skaicius_procentais,1.0,
405,gov/vrk/arcgis.com/EP_2014_R_APL,politika/rinkimai/asmuo,gov/vrk,,vardas,1.0,
406,gov/vrk/arcgis.com/EP_2014_R_APL,politika/rinkimai/asmuo,gov/vrk,,pavarde,1.0,
407,gov/vrk/arcgis.com/EP_2014_R_APL,politika/partija,gov/vrk,,pavadinimas,1.0,
408,gov/vrk/arcgis.com/EP_2014_R_APL,politika/rinkimai/europarlamento/kandidatas,gov/vrk,,rinkimai,1.0,
409,gov/vrk/arcgis.com/EP_2014_R_APL,politika/rinkimai/europarlamento/kandidatas,gov/vrk,,asmuo,1.0,
410,gov/vrk/arcgis.com/EP_2014_R_APL,politika/rinkimai/europarlamento/kandidatas,gov/vrk,,partija,1.0,
