,,,,,,enum,bool,,1,,,,Taip,
,,,,,,,,,2,,,,Ne,
,,,,,,,sex,,1,,,,Vyras,
,,,,,,,,,2,,,,Moteris,
,,,,Bustas2012,,,,,,,,,"Būstas ir patogumai","Būsto tipas, namų ūkio užimamų kambarių skaičius, būsto plotas, patogumai."
,,,,,hh_ident,integer,,,,,open,,"Namų ūkio ID",
,,,,,dwlowner,integer,,,,,open,,"Kam priklauso būstas kuriame Jūs gyvenate?",
,,,,,,enum,,,1,,,,"Būstas priklauso namų ūkiui",
,,,,,,,,,2,,,,"Būstas priklauso kitam namų ūkiui ar įmonei",
,,,,,,,,,3,,,,"Būstas priklauso valstybei, savivaldybei",
,,,,,formrent,integer,,,,,open,,"Ar Jūs nuomojate šį būstą?",
,,,,,,enum,,,1,,,,"Mokėdamas rinkos kaina",
,,,,,,,,,2,,,,"Mokėdamas mažesne nei rinkos kaina",
,,,,,,,,,3,,,,"Nemokėdamas už nuomą",
,,,,,dwltype,integer,,,,,open,,"Koks Jūsų būsto tipas?",
,,,,,,enum,,,1,,,,"Vieno buto namas",
,,,,,,,,,2,,,,"Butas dviejų butų ar sublokuotame name",
,,,,,,,,,3,,,,"Butas daugiabučiame name",
,,,,,,,,,4,,,,"Kita gyvenamoji patalpa",
,,,,,nrooms,integer,,,,,open,,"Koks bendras Jūsų namų ūkio užimamų kambarių skaičius neįskaitant virtuvės vonios kambario tualeto?",
,,,,,totarea,integer,,,,,open,,"Koks Jūsų namų ūkio užimamas naudingasis plotas?",
,,,,,elect,integer,bool,,,,open,,"Ar būste yra: elektra",
,,,,,bath,integer,bool,,,,open,,"Vonia dušas",
,,,,,toilet,integer,bool,,,,open,,"Tualetas su nuleidžiamuoju vandeniu",
,,,,,kitchen,integer,bool,,,,open,,"Atskira virtuvė",
,,,,,phone,integer,bool,,,,open,,"Fiksuotojo ryšio telefonas",
,,,,,water,integer,,,,,open,,Vandentiekis,
,,,,,,enum,,,1,,,,"Taip, centrinis ",
,,,,,,,,,2,,,,"Taip, vietinis",
,,,,,,,,,3,,,,Ne,
,,,,,h_water,integer,,,,,open,,"Karšto vandens tiekimas",
,,,,,,enum,,,1,,,,"Taip, centrinis ",
,,,,,,,,,2,,,,"Taip, vietinis",
,,,,,,,,,3,,,,Ne,
,,,,,sewerage,integer,,,,,open,,Kanalizacija,
,,,,,,enum,,,1,,,,"Taip, centrinis ",
,,,,,,,,,2,,,,"Taip, vietinis",
,,,,,,,,,3,,,,Ne,
,,,,,heating,integer,,,,,open,,"Koks pagrindinis Jūsų būsto šildymo būdas?",
,,,,,,enum,,,1,,,,"Centrinis šildymas iš šilumos tinklų ",
,,,,,,,,,2,,,,"Centrinis šildymas iš vietinio šilumos šaltinio",
,,,,,,,,,3,,,,"Krosnis, židinys",
,,,,,,,,,4,,,,Nėra,
,,,,,,,,,,,,,,
,,,,Individ2012,,,,,,,,,"Asmens duomenys","Amžius, lytis, giminystės ryšiai, išsilavinimas, ekonominio aktyvumo statusas ir kt."
,,,,,hh_ident,integer,,,,,open,,,
,,,,,line,integer,,,,,open,,,
,,,,,age,integer,,,,,open,,,
,,,,,sex,integer,sex,,,,open,,,
,,,,,relation,integer,,,,,open,,,
,,,,,,enum,,,1,,,,"Namų ūkio galva",
,,,,,,,,,2,,,,"Vyras / žmona / sugyventinis (-ė)",
,,,,,,,,,3,,,," Sūnus /duktė / įsūnis / įdukra / posūnis / podukra / globotinis (-ė)",
,,,,,,,,,4,,,,"Tėvas / motina / įtėvis / įmotė / patėvis / pamotė / globėjas (-a)",
,,,,,,,,,5,,,,"Sutuoktinio (-ės) / sugyventinio (-ės) tėvas / motina",
,,,,,,,,,6,,,,"Brolis / sesuo",
,,,,,,,,,7,,,,"Žentas / marti",
,,,,,,,,,8,,,,"Vaikaitis (-ė)",
,,,,,,,,,9,,,,"Kitas (-a) giminaitis (-ė)",
,,,,,,,,,10,,,,"Ne giminė",
,,,,,partner,integer,,,,,open,,,
,,,,,father,integer,,,,,open,,,
,,,,,mother,integer,,,,,open,,,
,,,,,marital,integer,,,,,open,,,
,,,,,,enum,,,1,,,,"Niekada nebuvo susituokęs (-usi)",
,,,,,,,,,2,,,,"Susituokęs (-usi)",
,,,,,,,,,3,,,,"Neregistruota santuoka",
,,,,,,,,,4,,,,"Našlys (-ė)",
,,,,,,,,,5,,,,"Išsituokęs (-usi)",
,,,,,study2,integer,,,,,open,,,
,,,,,,enum,,,1,,,,"Bendrojo ugdymo mokykla",
,,,,,,,,,2,,,,"Profesinio mokymo įstaiga",
,,,,,,,,,3,,,,"Kolegija ",
,,,,,,,,,4,,,,Universitetas,
,,,,,,,,,5,,,,"Lanko kursus (kalbų, kompiuterių, kt.)",
,,,,,educat2,integer,,,,,open,,,
,,,,,,enum,,,1,,,,"Pradinis, nebaigė pradinės mokyklos",
,,,,,,,,,2,,,,Pagrindinis,
,,,,,,,,,3,,,,Vidurinis,
,,,,,,,,,4,,,,"Aukštesniojo ir aukštojo išsilavinimo nesuteikiantis povidurinis",
,,,,,,,,,5,,,,"Aukštesnysis ir aukštasis",
,,,,,whatdid,integer,bool,,,,open,,,
,,,,,work,integer,bool,,,,open,,,
,,,,,work_day,integer,bool,,,,open,,,
,,,,,soc_gru1,integer,,,,,open,,,
,,,,,,enum,,,1,,,,"Samdomasis darbuotojas (dirbantis pagal rašytinę darbo sutartį ar žodinį susitarimą ir gaunantis atlyginimą, išrinktas į Seimą, politinės partijos vadovus ar pan.)",
,,,,,,,,,2,,,,"Savarankiškai dirbantis ir samdantis darbuotojus asmuo ",
,,,,,,,,,3,,,,"Savarankiškai, be samdomųjų darbuotojų dirbantis asmuo ",
,,,,,,,,,4,,,,"Ūkininkas su samdomaisiais darbuotojais ",
,,,,,,,,,5,,,,"Ūkininkas be samdomųjų darbuotojų, smulkus žemdirbys ",
,,,,,,,,,6,,,,"Padedantis šeimos narys, dirbantis šeimos įmonėje ar ūkyje (negaunantis atlyginimo, bet turintis pelno, pajamų) ",
,,,,,work_1,integer,,,,,open,,,
,,,,,,enum,,,1,,,,"Nuolatinis, nes dirbate pagal neterminuotą darbo sutartį",
,,,,,,,,,2,,,,"Laikinas, nes dirbate pagal terminuotą darbo sutartį arba be sutarties",
,,,,,work_pr,integer,,,,,open,,,
,,,,,,enum,,,1,,,,"Viešoji (daugiau kaip 50 % kapitalo priklauso valstybei)",
,,,,,,,,,2,,,,"Privati (daugiau kaip 50 % kapitalo priklauso privatiems asmenims)",
,,,,,profes,integer,,,,,open,,,
,,,,,,enum,,,"""01""",,,,"Ginkluotųjų pajėgų karininkai, generolai ir admirolai",
,,,,,,,,,"""02""",,,,"Ginkluotųjų pajėgų puskarininkiai, seržantai ir viršilos",
,,,,,,,,,"""03""",,,,"Ginkluotųjų pajėgų profesijos, kiti laipsniai",
,,,,,,,,,"""11""",,,,"Teisės aktų leidėjai, vyresnieji valstybės tarnautojai, įmonių, įstaigų, organizacijų ir kiti vadovai",
,,,,,,,,,"""12""",,,,"Administravimo ir komercijos vadovai",
,,,,,,,,,"""13""",,,,"Gamybos ir specializuotų paslaugų srities vadovai",
,,,,,,,,,"""14""",,,,"Viešbučių ir restoranų, mažmeninės prekybos ir kitų paslaugų srities vadovai",
,,,,,,,,,"""21""",,,,"Fizinių mokslų ir inžinerijos specialistai",
,,,,,,,,,"""22""",,,,"Sveikatos specialistai",
,,,,,,,,,"""23""",,,,"Mokymo specialistai",
,,,,,,,,,"""24""",,,,"Verslo ir administravimo specialistai",
,,,,,,,,,"""25""",,,,"Informacinių technologijų ir ryšių sistemų specialistai",
,,,,,,,,,"""26""",,,,"Teisės, socialinės ir kultūros sričių specialistai",
,,,,,,,,,"""31""",,,,"Jaunesnieji fizinių mokslų ir inžinerijos specialistai",
,,,,,,,,,"""32""",,,,"Jaunesnieji sveikatos specialistai",
,,,,,,,,,"""33""",,,,"Jaunesnieji verslo ir administravimo specialistai",
,,,,,,,,,"""34""",,,,"Jaunesnieji teisės, socialinės srities, kultūros ir giminiškų profesijų specialistai",
,,,,,,,,,"""35""",,,,"Informacinių ir ryšių sistemų technikai",
,,,,,,,,,"""41""",,,,"Tarnautojai ir klavišinių įtaisų operatoriai, atliekantys bendras funkcijas",
,,,,,,,,,"""42""",,,,"Klientų aptarnavimo  tarnautojai",
,,,,,,,,,"""43""",,,,"Apskaitos, statistikos, finansų ir materialinių vertybių apskaitos tarnautojai",
,,,,,,,,,"""44""",,,,"Kiti tarnautojai",
,,,,,,,,,"""51""",,,,"Paslaugų asmenims darbuotojai",
,,,,,,,,,"""52""",,,,Pardavėjai,
,,,,,,,,,"""53""",,,,"Asmens priežiūros darbuotojai",
,,,,,,,,,"""54""",,,,"Apsaugos darbuotojai",
,,,,,,,,,"""61""",,,,"Kvalifikuoti prekinio žemės ūkio darbuotojai",
,,,,,,,,,"""62""",,,,"Kvalifikuoti prekinio miškų, žuvininkystės ir medžioklės ūkio darbuotojai",
,,,,,,,,,"""63""",,,,"Natūraliojo ūkio augalų ir gyvulių augintojai, žvejai, miško gėrybių ir vaistažolių rinkėjai",
,,,,,,,,,"""71""",,,,"Statybininkai ir giminiškų profesijų darbininkai (išskyrus elektrikus)",
,,,,,,,,,"""72""",,,,"Metalo apdirbimo, mašinų gamybos ir giminiškų profesijų darbininkai",
,,,,,,,,,"""73""",,,,"Amatininkai ir spausdinimo darbininkai",
,,,,,,,,,"""74""",,,,"Elektromechaninių ir elektroninių įrenginių mechanikai",
,,,,,,,,,"""75""",,,,"Maisto gamintojai, medienos meistrai, siuvėjai ir kiti giminiškų profesijų darbininkai ir amatininkai",
,,,,,,,,,"""81""",,,,"Stacionariųjų įrenginių ir mašinų operatoriai",
,,,,,,,,,"""82""",,,,Surinkėjai,
,,,,,,,,,"""83""",,,,"Vairuotojai ir judamųjų įrenginių operatoriai",
,,,,,,,,,"""91""",,,,"Valytojai ir pagalbininkai",
,,,,,,,,,"""92""",,,,"Nekvalifikuoti žemės, miškų ir žuvininkystės ūkio darbininkai",
,,,,,,,,,"""93""",,,,"Nekvalifikuoti gavybos, statybos, pramonės ir transporto darbininkai",
,,,,,,,,,"""94""",,,,"Maisto ruošimo padėjėjai",
,,,,,,,,,"""95""",,,,"Gatvės pardavėjai, gatvėje teikiamų paslaugų teikėjai",
,,,,,,,,,"""96""",,,,"Buitinių atliekų surinkėjai ir kiti nekvalifikuoti darbininkai",
,,,,,,,,,"""99""",,,,Neatsakė,
,,,,,soc_gru2,integer,,,,,open,,,
,,,,,,enum,,,1,,,,"Bedarbis ",
,,,,,,,,,2,,,,"Senatvės pensininkas ",
,,,,,,,,,3,,,,"Moksleivis, studentas ",
,,,,,,,,,4,,,,"Namų šeimininkas, ekonomiškai neaktyvus asmuo ",
,,,,,,,,,5,,,,"Neįgalus asmuo",
,,,,,lookjob,integer,bool,,,,open,,,
,,,,,ablewor,integer,bool,,,,open,,,
,,,,,act_st,integer,,,,,open,,,
,,,,,,enum,,,1,,,,"Dirbantis asmuo",
,,,,,,,,,2,,,,Bedarbis,
,,,,,,,,,3,,,,"Senatvės pensininkas ",
,,,,,,,,,4,,,,"Moksleivis, studentas ",
,,,,,,,,,5,,,,"Namų šeimininkas, ekonomiškai neaktyvus asmuo",
,,,,,,,,,6,,,,"Neįgalus asmuo",
,,,,,filter__,integer,,,,,open,,,
,,,,,,,,,,,,,,
,,,,household2012,,,,,,,,,"Namų ūkio duomenys","Namų ūkio dydis, svoris įverčių skaičiavimui, vertinimo sritys (gyvenamoji vietovė, namų ūkio tipas, namų ūkio galvos socialinė-ekonominė grupė, amžius, išsilavinimas ir kt.)"
,,,,,hh_ident,integer,,,,,open,,"Namų ūkio ID",
,,,,,month,integer,,,,,open,,Mėnuo,
,,,,,hh_size,integer,,,,,open,,"Namų ūkio dydis",
,,,,,sv_galut,number,,,,,open,,"Namų ūkio populiacijos svoris",
,,,,,tipas,integer,,,,,open,,"Namų ūkio tipas",
,,,,,,enum,,,1,,,,"Vienas gyvenantis asmuo",
,,,,,,,,,2,,,,"Vienas suaugęs asmuo su vaikais",
,,,,,,,,,3,,,,"Pora be vaikų ",
,,,,,,,,,4,,,,"Pora su vaikais ",
,,,,,,,,,5,,,,"Kiti namų ūkiai su vaikais",
,,,,,,,,,6,,,,"Kiti namų ūkiai be vaikų",
,,,,,tipas2,integer,,,,,open,,"Namų ūkiai su skirtingu vaikų skaičiumi ",
,,,,,,enum,,,1,,,,"Namų ūkiai su 1 vaiku",
,,,,,,,,,2,,,,"Namų ūkiai su 2 vaikais",
,,,,,,,,,3,,,,"Namų ūkiai su 3 ir daugiau vaikų ",
,,,,,,,,,4,,,,"Namų ūkiai be vaikų",
,,,,,tipas3,integer,,,,,open,,"Namų ūkiai su vaikais ir be vaikų",
,,,,,,enum,,,1,,,,"Namų ūkiai su vaikais",
,,,,,,,,,2,,,,"Namų ūkiai be vaikų",
,,,,,soc_ekon,integer,,,,,open,,"Socialinė-ekonominė grupė, kuriai priklauso namų ūkio galva",
,,,,,,enum,,,1,,,,Žemdirbiai,
,,,,,,,,,2,,,,"Samdomieji darbuotojai",
,,,,,,,,,3,,,,"Savarankiškai dirbantys asmenys",
,,,,,,,,,4,,,,Pensininkai,
,,,,,,,,,5,,,,Kiti,
,,,,,incsour,integer,,,,,open,,"Namų ūkio pagrindinis pajamų šaltinis ",
,,,,,,enum,,,1,,,,"Darbo užmokestis",
,,,,,,,,,2,,,,"Pajamos iš savo ar šeimos verslo",
,,,,,,,,,3,,,,"Pajamos iš žemės ūkio veiklos",
,,,,,,,,,4,,,,Pensija,
,,,,,,,,,5,,,,"Pašalpa, stipendija ir kitas pragyvenimo šaltinis",
,,,,,age_gr,integer,,,,,open,,"Namų ūkio galvos amžius ",
,,,,,,enum,,,1,,,,"iki 30 metų",
,,,,,,,,,2,,,,"30–39 metų",
,,,,,,,,,3,,,,"40–49 metų",
,,,,,,,,,4,,,,"50–59 metų",
,,,,,,,,,5,,,,"60 metų ir vyresni",
,,,,,hh_educ2,integer,,,,,open,,"Namų ūkio galvos išsilavinimas ",
,,,,,,enum,,,1,,,,"Pradinis, nebaigė pradinės mokyklos",
,,,,,,,,,2,,,,Pagrindinis,
,,,,,,,,,3,,,,Vidurinis,
,,,,,,,,,4,,,,"Aukštesniojo ir aukštojo išsilavinimo nesuteikiantis povidurinis",
,,,,,,,,,5,,,,"Aukštesnysis ir aukštasis",
,,,,,apskrit,integer,,,,,open,,Apskritis,
,,,,,,enum,,,1,,,,"Alytaus ",
,,,,,,,,,2,,,,Kauno,
,,,,,,,,,3,,,,Klaipėdos,
,,,,,,,,,4,,,,Marijampolės,
,,,,,,,,,5,,,,Panevėžio,
,,,,,,,,,6,,,,Šiaulių,
,,,,,,,,,7,,,,Tauragės,
,,,,,,,,,8,,,,Telšių,
,,,,,,,,,9,,,,Utenos,
,,,,,,,,,10,,,,Vilniaus,
,,,,,urb_rur,integer,,,,,,,Miestas-Kaimas,
,,,,,,enum,,,1,,,,Miestas,
,,,,,,,,,2,,,,Kaimas,
,,,,,strata,integer,,,,,open,,"Gyvenamoji vieta",
,,,,,,enum,,,1,,,,"5 Didieji miestai",
,,,,,,,,,2,,,,"Kiti miestai",
,,,,,,,,,3,,,,Kaimas,
,,,,,strata2,integer,,,,,open,,"Gyvenamoji vieta 2",
,,,,,,enum,,,1,,,,Vilnius,
,,,,,,,,,2,,,,Kaunas,
,,,,,,,,,3,,,,Klaipėda,
,,,,,,,,,4,,,,Šiauliai,
,,,,,,,,,5,,,,Panevėžys,
,,,,,,,,,6,,,,"Kiti miestai",
,,,,,,,,,7,,,,Kaimas,
,,,,,qui_inc,integer,,,,,open,,"Pajamu kvintilinės grupės",
,,,,,qui_urb,integer,,,,,open,,"Miesto namų ūkių pajamų kvintilinės grupės",
,,,,,qui_rur,integer,,,,,open,,"Kaimo namų ūkių pajamų kvintilinės grupės",
,,,,,,,,,,,,,,
,,,,VartIsl2012,,,,,,,,,"Namų ūkio vartojimo išlaidos (mėnesinės)","Vartojimo išlaidos, sugrupuotos pagal COICOP klasifikatoriaus klases (keturių ženklų lygiu)."
,,,,,hh_ident,integer,,,,,open,,"Namų ūkio ID",
,,,,,ahe00,number,,,,,open,,"Piniginės vartojimo išlaidos.Visos namų ūkio vartojimo išlaidos (mėnesinės)",
,,,,,ahe01,number,,,,,open,,"Piniginės vartojimo išlaidos.Maisto produktai ir nealkoholiniai gėrimai",
,,,,,ahe011,number,,,,,open,,"Piniginės vartojimo išlaidos.Maisto produktai",
,,,,,ahe0111,number,,,,,open,,"Piniginės vartojimo išlaidos.Grūdų produktai ",
,,,,,ahe0112,number,,,,,open,,"Piniginės vartojimo išlaidos.Mėsa ir mėsos produktai",
,,,,,ahe0113,number,,,,,open,,"Piniginės vartojimo išlaidos.Žuvis ",
,,,,,ahe0114,number,,,,,open,,"Piniginės vartojimo išlaidos.Pienas pieno produktai ir kiaušiniai ",
,,,,,ahe0115,number,,,,,open,,"Piniginės vartojimo išlaidos.Aliejus ir riebalai ",
,,,,,ahe0116,number,,,,,open,,"Piniginės vartojimo išlaidos.Vaisiai ir uogos",
,,,,,ahe0117,number,,,,,open,,"Piniginės vartojimo išlaidos.Daržovės ",
,,,,,ahe0118,number,,,,,open,,"Piniginės vartojimo išlaidos.Cukrus uogienė medus šokoladas ir saldumynai ",
,,,,,ahe0119,number,,,,,open,,"Piniginės vartojimo išlaidos.Niekur kitur nepriskirti maisto produktai ",
,,,,,ahe012,number,,,,,open,,"Piniginės vartojimo išlaidos.Nealkoholiniai gėrimai",
,,,,,ahe0121,number,,,,,open,,"Piniginės vartojimo išlaidos.Kava arbata ir kakava ",
,,,,,ahe0122,number,,,,,open,,"Piniginės vartojimo išlaidos.Mineraliniai vandenys gaivieji gėrimai ir sultys ",
,,,,,ahe02,number,,,,,open,,"Piniginės vartojimo išlaidos.Alkoholiniai gėrimai ir tabako gaminiai",
,,,,,ahe021,number,,,,,open,,"Piniginės vartojimo išlaidos.Alkoholiniai gėrimai",
,,,,,ahe0211,number,,,,,open,,"Piniginės vartojimo išlaidos.Spirituoti gėrimai ",
,,,,,ahe0212,number,,,,,open,,"Piniginės vartojimo išlaidos.Vynas",
,,,,,ahe0213,number,,,,,open,,"Piniginės vartojimo išlaidos.Alus ",
,,,,,ahe022,number,,,,,open,,"Piniginės vartojimo išlaidos.Tabakas",
,,,,,ahe0221,number,,,,,open,,"Piniginės vartojimo išlaidos.Tabako gaminiai",
,,,,,ahe023,integer,,,,,open,,"Piniginės vartojimo išlaidos.Narkotikai",
,,,,,ahe03,number,,,,,open,,"Piniginės vartojimo išlaidos.Apranga ir avalynė",
,,,,,ahe031,number,,,,,open,,"Piniginės vartojimo išlaidos.Apranga",
,,,,,ahe0311,number,,,,,open,,"Piniginės vartojimo išlaidos.Aprangos medžiagos ",
,,,,,ahe0312,number,,,,,open,,"Piniginės vartojimo išlaidos.Drabužiai ",
,,,,,ahe0313,number,,,,,open,,"Piniginės vartojimo išlaidos.Kiti aprangos gaminiai ir aprangos reikmenys ",
,,,,,ahe0314,number,,,,,open,,"Piniginės vartojimo išlaidos.Aprangos valymas taisymas ir nuoma ",
,,,,,ahe032,number,,,,,open,,"Piniginės vartojimo išlaidos.Avalynė",
,,,,,ahe0321,number,,,,,open,,"Piniginės vartojimo išlaidos.Batai ir kita avalynė ",
,,,,,ahe0322,number,,,,,open,,"Piniginės vartojimo išlaidos.Avalynės taisymas ir nuoma ",
,,,,,ahe04,number,,,,,open,,"Piniginės vartojimo išlaidos.Būstas vanduo elektra dujos ir kitas kuras",
,,,,,ahe041,number,,,,,open,,"Piniginės vartojimo išlaidos.Būsto nuomos mokesčiai",
,,,,,ahe0411,number,,,,,open,,"Piniginės vartojimo išlaidos.Nuomininkų mokami nuomos mokesčiai ",
,,,,,ahe0412,number,,,,,open,,"Piniginės vartojimo išlaidos.Kiti nuomos mokesčiai ",
,,,,,ahe043,number,,,,,open,,"Piniginės vartojimo išlaidos.Būsto priežiūra ir remontas",
,,,,,ahe0431,number,,,,,open,,"Piniginės vartojimo išlaidos.Gaminiai ir medžiagos būsto priežiūrai ir remontui ",
,,,,,ahe0432,number,,,,,open,,"Piniginės vartojimo išlaidos.Būsto priežiūros ir remonto paslaugos ",
,,,,,ahe044,number,,,,,open,,"Piniginės vartojimo išlaidos.Vandentieka ir kitos įvairios su būstu susijusios paslaugos",
,,,,,ahe0441,number,,,,,open,,"Piniginės vartojimo išlaidos.Vandentieka ",
,,,,,ahe0442,number,,,,,open,,"Piniginės vartojimo išlaidos.Atliekų rinkimas ",
,,,,,ahe0444,number,,,,,open,,"Piniginės vartojimo išlaidos.Kitos niekur kitur nepriskirtos su būstu susijusios paslaugos ",
,,,,,ahe045,number,,,,,open,,"Piniginės vartojimo išlaidos.Elektra dujos ir kitas kuras",
,,,,,ahe0451,number,,,,,open,,"Piniginės vartojimo išlaidos.Elektra ",
,,,,,ahe0452,number,,,,,open,,"Piniginės vartojimo išlaidos.Dujos ",
,,,,,ahe0453,number,,,,,open,,"Piniginės vartojimo išlaidos.Skystasis kuras ",
,,,,,ahe0454,number,,,,,open,,"Piniginės vartojimo išlaidos.Kietasis kuras ",
,,,,,ahe0455,number,,,,,open,,"Piniginės vartojimo išlaidos.Šiluminė energija ",
,,,,,ahe05,number,,,,,open,,"Piniginės vartojimo išlaidos.Būsto apstatymas namų apyvokos įranga ir kasdienė namų priežiūra",
,,,,,ahe051,number,,,,,open,,"Piniginės vartojimo išlaidos.Baldai ir apstatymas grindų dangos",
,,,,,ahe0511,number,,,,,open,,"Piniginės vartojimo išlaidos.Baldai ir būsto apstatymo reikmenys ",
,,,,,ahe0512,number,,,,,open,,"Piniginės vartojimo išlaidos.Kilimai ir kitos grindų dangos ",
,,,,,ahe0513,number,,,,,open,,"Piniginės vartojimo išlaidos.Baldų būsto apstatymo reikmenų ir grindų dangų remontas ",
,,,,,ahe052,number,,,,,open,,"Piniginės vartojimo išlaidos.Namų ūkio tekstilė",
,,,,,ahe0521,number,,,,,open,,"Piniginės vartojimo išlaidos.Namų ūkio tekstilė ",
,,,,,ahe053,number,,,,,open,,"Piniginės vartojimo išlaidos.Namų apyvokos prietaisai",
,,,,,ahe0531,number,,,,,open,,"Piniginės vartojimo išlaidos.Elektriniai ir neelektriniai pagrindiniai namų apyvokos prietaisai ",
,,,,,ahe0532,number,,,,,open,,"Piniginės vartojimo išlaidos.Smulkūs elektriniai namų apyvokos prietaisai ",
,,,,,ahe0533,number,,,,,open,,"Piniginės vartojimo išlaidos.Namų apyvokos prietaisų taisymas ",
,,,,,ahe054,number,,,,,open,,"Piniginės vartojimo išlaidos.Stiklo dirbiniai stalo reikmenys ir namų rakandai",
,,,,,ahe0541,number,,,,,open,,"Piniginės vartojimo išlaidos.Stiklo dirbiniai stalo reikmenys ir namų rakandai ",
,,,,,ahe055,number,,,,,open,,"Piniginės vartojimo išlaidos.Namų ir sodininkystės įrankiai bei įranga",
,,,,,ahe0551,number,,,,,open,,"Piniginės vartojimo išlaidos.Pagrindiniai buitiniai įrankiai ir įranga ",
,,,,,ahe0552,number,,,,,open,,"Piniginės vartojimo išlaidos.Smulkūs įrankiai ir įvairūs pagalbiniai reikmenys ",
,,,,,ahe056,number,,,,,open,,"Piniginės vartojimo išlaidos.Neilgalaikio naudojimo namų apyvokos prekės",
,,,,,ahe0561,number,,,,,open,,"Piniginės vartojimo išlaidos.Trumpalaikio naudojimo namų apyvokos prekės ",
,,,,,ahe0562,number,,,,,open,,"Piniginės vartojimo išlaidos.Namų priežiūros paslaugos ",
,,,,,ahe06,number,,,,,open,,"Piniginės vartojimo išlaidos.Sveikatos priežiūra",
,,,,,ahe061,number,,,,,open,,"Piniginės vartojimo išlaidos.Medicinos produktai reikmenys ir įranga",
,,,,,ahe0611,number,,,,,open,,"Piniginės vartojimo išlaidos.Farmacijos gaminiai ",
,,,,,ahe0612,number,,,,,open,,"Piniginės vartojimo išlaidos.Kiti medicinos gaminiai ",
,,,,,ahe0613,number,,,,,open,,"Piniginės vartojimo išlaidos.Terapiniai aparatai ir įranga ",
,,,,,ahe062,number,,,,,open,,"Piniginės vartojimo išlaidos.Ambulatorinės paslaugos",
,,,,,ahe0621,number,,,,,open,,"Piniginės vartojimo išlaidos.Gydytojų paslaugos ",
,,,,,ahe0622,number,,,,,open,,"Piniginės vartojimo išlaidos.Odontologijos paslaugos ",
,,,,,ahe0623,number,,,,,open,,"Piniginės vartojimo išlaidos.Kitos medicinos paslaugos",
,,,,,ahe063,number,,,,,open,,"Piniginės vartojimo išlaidos.Ligoninių paslaugos",
,,,,,ahe07,number,,,,,open,,"Piniginės vartojimo išlaidos.Transportas",
,,,,,ahe071,number,,,,,open,,"Piniginės vartojimo išlaidos.Transporto priemonių pirkimas",
,,,,,ahe0711,number,,,,,open,,"Piniginės vartojimo išlaidos.Automobiliai ",
,,,,,ahe0712,number,,,,,open,,"Piniginės vartojimo išlaidos.Motociklai ",
,,,,,ahe0713,number,,,,,open,,"Piniginės vartojimo išlaidos.Dviračiai ",
,,,,,ahe072,number,,,,,open,,"Piniginės vartojimo išlaidos.Asmeninių transporto priemonių eksploatacija",
,,,,,ahe0721,number,,,,,open,,"Piniginės vartojimo išlaidos.Atsarginės dalys ir aksesuarai ",
,,,,,ahe0722,number,,,,,open,,"Piniginės vartojimo išlaidos.Degalai ir tepalai ",
,,,,,ahe0723,number,,,,,open,,"Piniginės vartojimo išlaidos.Priežiūra ir taisymas ",
,,,,,ahe0724,number,,,,,open,,"Piniginės vartojimo išlaidos.Kitos paslaugos susijusios su asmeninio transporto priemonėmis ",
,,,,,ahe073,number,,,,,open,,"Piniginės vartojimo išlaidos.Transporto paslaugos",
,,,,,ahe0731,number,,,,,open,,"Piniginės vartojimo išlaidos.Keleivių vežimas geležinkeliu ",
,,,,,ahe0732,number,,,,,open,,"Piniginės vartojimo išlaidos.Keleivių vežimas keliais ",
,,,,,ahe0733,number,,,,,open,,"Piniginės vartojimo išlaidos.Keleivių vežimas oru ",
,,,,,ahe0734,number,,,,,open,,"Piniginės vartojimo išlaidos.Keleivių vežimas jūrų ir vidaus vandenimis ",
,,,,,ahe0736,number,,,,,open,,"Piniginės vartojimo išlaidos.Kitos transporto paslaugos ",
,,,,,ahe08,number,,,,,open,,"Piniginės vartojimo išlaidos.Ryšiai",
,,,,,ahe081,number,,,,,open,,"Piniginės vartojimo išlaidos.Pašto paslaugos",
,,,,,ahe0811,number,,,,,open,,"Piniginės vartojimo išlaidos.Pašto paslaugos ",
,,,,,ahe082,number,,,,,open,,"Piniginės vartojimo išlaidos.Telefonų ir telefaksų įranga",
,,,,,ahe0821,number,,,,,open,,"Piniginės vartojimo išlaidos.Telefonų ir telefaksų įranga ",
,,,,,ahe083,number,,,,,open,,"Piniginės vartojimo išlaidos.Telefono ir telefakso paslaugos",
,,,,,ahe0831,number,,,,,open,,"Piniginės vartojimo išlaidos.Telefono ir telefakso paslaugos ",
,,,,,ahe09,number,,,,,open,,"Piniginės vartojimo išlaidos.Laisvalaikis ir kultūra",
,,,,,ahe091,number,,,,,open,,"Piniginės vartojimo išlaidos.Audiovizualiniai fotografavimo ir duomenų apdorojimo įrenginiai",
,,,,,ahe0911,number,,,,,open,,"Piniginės vartojimo išlaidos.Garso ir vaizdo priėmimo įrašymo ir atkūrimo įrenginiai ",
,,,,,ahe0912,number,,,,,open,,"Piniginės vartojimo išlaidos.Fotografavimo ir filmavimo įrenginiai ir optiniai prietaisai ",
,,,,,ahe0913,number,,,,,open,,"Piniginės vartojimo išlaidos.Duomenų apdorojimo įranga ",
,,,,,ahe0914,number,,,,,open,,"Piniginės vartojimo išlaidos.Įrašų laikmenos ",
,,,,,ahe0915,number,,,,,open,,"Piniginės vartojimo išlaidos.Audiovizualinių fotografavimo ir duomenų apdorojimo įrenginių taisymas ",
,,,,,ahe092,number,,,,,open,,"Piniginės vartojimo išlaidos.Kiti ilgalaikio naudojimo reikmenys skirti laisvalaikiui ir kultūrai",
,,,,,ahe0921,integer,,,,,open,,"Piniginės vartojimo išlaidos.Pagrindiniai laivalaikiui lauke skirti ilgalaikio naudojimo reikmenys ",
,,,,,ahe0922,number,,,,,open,,"Piniginės vartojimo išlaidos.Muzikos instrumentai ir pagrindiniai ilgalaikio naudojimo reikmenys skirti laisvalaikiui patalpose ",
,,,,,ahe0923,number,,,,,open,,"Piniginės vartojimo išlaidos.Kitų laisvalaikiui ir kultūrai skirtų pagrindinių ilgalaikio naudojimo reikmenų techninė priežiūra ir remontas ",
,,,,,ahe093,number,,,,,open,,"Piniginės vartojimo išlaidos.Kiti laisvalaikio reikmenys ir įrenginiai sodininkystės prekės naminiai gyvūnėliai ir jų priežiūros prekės",
,,,,,ahe0931,number,,,,,open,,"Piniginės vartojimo išlaidos.Žaidimai  žaislai ir kolekcionavimo reikmenys ",
,,,,,ahe0932,number,,,,,open,,"Piniginės vartojimo išlaidos.Įrenginiai sportui stovyklavimui ir laisvalaikiui lauke ",
,,,,,ahe0933,number,,,,,open,,"Piniginės vartojimo išlaidos.Gėlės kiti dekoratiniai augalai ",
,,,,,ahe0934,number,,,,,open,,"Piniginės vartojimo išlaidos.Naminiai gyvūnėliai ir su jais susiję gaminiai ",
,,,,,ahe0935,number,,,,,open,,"Piniginės vartojimo išlaidos.Veterinarijos ir kitokios paslaugos susijusios su naminiais gyvūnėliais  ",
,,,,,ahe094,number,,,,,open,,"Piniginės vartojimo išlaidos.Laisvalaikio ir kultūros paslaugos",
,,,,,ahe0941,number,,,,,open,,"Piniginės vartojimo išlaidos.Laisvalaikio ir sporto paslaugos ",
,,,,,ahe0942,number,,,,,open,,"Piniginės vartojimo išlaidos.Kultūros paslaugos ",
,,,,,ahe0943,number,,,,,open,,"Piniginės vartojimo išlaidos.Azartiniai lošimai ",
,,,,,ahe095,number,,,,,open,,"Piniginės vartojimo išlaidos.Laikraščiai knygos ir raštinės reikmenys",
,,,,,ahe0951,number,,,,,open,,"Piniginės vartojimo išlaidos.Knygos ",
,,,,,ahe0952,number,,,,,open,,"Piniginės vartojimo išlaidos.Laikraščiai ir periodiniai leidiniai ",
,,,,,ahe0953,number,,,,,open,,"Piniginės vartojimo išlaidos.Įvairūs spaudiniai ",
,,,,,ahe0954,number,,,,,open,,"Piniginės vartojimo išlaidos.Raštinės reikmenys ir piešimo medžiagos ",
,,,,,ahe096,number,,,,,open,,"Piniginės vartojimo išlaidos.Atostogų išvykos",
,,,,,ahe10,number,,,,,open,,"Piniginės vartojimo išlaidos.Švietimas",
,,,,,ahe101,number,,,,,open,,"Piniginės vartojimo išlaidos.Ikimokyklinis ir pradinis mokymas",
,,,,,ahe1011,number,,,,,open,,"Piniginės vartojimo išlaidos.Ikimokyklinis ir pradinis mokymas ",
,,,,,ahe102,number,,,,,open,,"Piniginės vartojimo išlaidos.Vidurinis mokymas",
,,,,,ahe1021,number,,,,,open,,"Piniginės vartojimo išlaidos.Vidurinis mokymas ",
,,,,,ahe103,integer,,,,,open,,"Piniginės vartojimo išlaidos.Aukštojo mokslo laipsnio nesuteikiantis mokymas baigus vidurinį mokymą",
,,,,,ahe1031,integer,,,,,open,,"Piniginės vartojimo išlaidos.Aukštojo mokslo laipsnio nesuteikiantis mokymas baigus vidurinį mokymą",
,,,,,ahe104,number,,,,,open,,"Piniginės vartojimo išlaidos.Aukštasis mokymas",
,,,,,ahe1041,number,,,,,open,,"Piniginės vartojimo išlaidos.Aukštasis mokslas ",
,,,,,ahe105,number,,,,,open,,"Piniginės vartojimo išlaidos.Švietimo paslaugos neskaidomos pagal lygmenis",
,,,,,ahe1051,number,,,,,open,,"Piniginės vartojimo išlaidos.Švietimo paslaugos neskaidomos pagal lygmenis ",
,,,,,ahe11,number,,,,,open,,"Piniginės vartojimo išlaidos.Restoranai ir viešbučiai",
,,,,,ahe111,number,,,,,open,,"Piniginės vartojimo išlaidos.Maitinimo paslaugos",
,,,,,ahe1111,number,,,,,open,,"Piniginės vartojimo išlaidos.Restoranai kavinės ir kita ",
,,,,,ahe1112,number,,,,,open,,"Piniginės vartojimo išlaidos.Valgyklos ",
,,,,,ahe112,number,,,,,open,,"Piniginės vartojimo išlaidos.Apgyvendinimo paslaugos ",
,,,,,ahe1121,number,,,,,open,,"Piniginės vartojimo išlaidos.Apgyvendinimo paslaugos ",
,,,,,ahe12,number,,,,,open,,"Piniginės vartojimo išlaidos.Įvairios prekės ir paslaugos",
,,,,,ahe121,number,,,,,open,,"Piniginės vartojimo išlaidos.Asmeninė priežiūra",
,,,,,ahe1211,number,,,,,open,,"Piniginės vartojimo išlaidos.Moterų ir vyrų kirpyklos ir asmens priežiūros įstaigos ",
,,,,,ahe1212,number,,,,,open,,"Piniginės vartojimo išlaidos.Elektriniai asmens priežiūros prietaisai ",
,,,,,ahe1213,number,,,,,open,,"Piniginės vartojimo išlaidos.Kiti neelektriniai  asmens priežiūros prietaisai reikmenys ir priemonės ",
,,,,,ahe123,number,,,,,open,,"Piniginės vartojimo išlaidos.Kiti niekur kitur nepriskirti asmeniniai daiktai",
,,,,,ahe1231,number,,,,,open,,"Piniginės vartojimo išlaidos.Juvelyriniai dirbiniai ir laikrodžiai ",
,,,,,ahe1232,number,,,,,open,,"Piniginės vartojimo išlaidos.Kiti asmeniniai daiktai ",
,,,,,ahe124,number,,,,,open,,"Piniginės vartojimo išlaidos.Socialinės apsaugos paslaugos",
,,,,,ahe1241,number,,,,,open,,"Piniginės vartojimo išlaidos.Socialinės apsaugos paslaugos ",
,,,,,ahe125,number,,,,,open,,"Piniginės vartojimo išlaidos.Draudimas",
,,,,,ahe1252,number,,,,,open,,"Piniginės vartojimo išlaidos.Namų turto draudimas ",
,,,,,ahe1253,number,,,,,open,,"Piniginės vartojimo išlaidos.Sveikatos draudimas ",
,,,,,ahe1254,number,,,,,open,,"Piniginės vartojimo išlaidos.Transporto priemonių draudimas ",
,,,,,ahe1255,integer,,,,,open,,"Piniginės vartojimo išlaidos.Kitas draudimas ",
,,,,,ahe126,number,,,,,open,,"Piniginės vartojimo išlaidos.Banko (finansinės) paslaugos",
,,,,,ahe1262,number,,,,,open,,"Piniginės vartojimo išlaidos.Banko (finansinės) paslaugos ",
,,,,,ahe127,number,,,,,open,,"Piniginės vartojimo išlaidos.Kitos niekur kitur nepriskirtos paslaugos",
,,,,,ahe1271,number,,,,,open,,"Piniginės vartojimo išlaidos.Kitos niekur kitur nepriskirtos paslaugos ",
,,,,,bhe00,number,,,,,open,,"Natūrinės vartojimo išlaidos.Visos namų ūkio vartojimo išlaidos (mėnesinės)",
,,,,,bhe01,number,,,,,open,,"Natūrinės vartojimo išlaidos.Maisto produktai ir nealkoholiniai gėrimai",
,,,,,bhe011,number,,,,,open,,"Natūrinės vartojimo išlaidos.Maisto produktai",
,,,,,bhe0111,number,,,,,open,,"Natūrinės vartojimo išlaidos.Grūdų produktai ",
,,,,,bhe0112,number,,,,,open,,"Natūrinės vartojimo išlaidos.Mėsa ir mėsos produktai",
,,,,,bhe0113,number,,,,,open,,"Natūrinės vartojimo išlaidos.Žuvis ",
,,,,,bhe0114,number,,,,,open,,"Natūrinės vartojimo išlaidos.Pienas pieno produktai ir kiaušiniai ",
,,,,,bhe0115,number,,,,,open,,"Natūrinės vartojimo išlaidos.Aliejus ir riebalai ",
,,,,,bhe0116,number,,,,,open,,"Natūrinės vartojimo išlaidos.Vaisiai ir uogos",
,,,,,bhe0117,number,,,,,open,,"Natūrinės vartojimo išlaidos.Daržovės ",
,,,,,bhe0118,number,,,,,open,,"Natūrinės vartojimo išlaidos.Cukrus uogienė medus šokoladas ir saldumynai ",
,,,,,bhe0119,number,,,,,open,,"Natūrinės vartojimo išlaidos.Niekur kitur nepriskirti maisto produktai ",
,,,,,bhe012,number,,,,,open,,"Natūrinės vartojimo išlaidos.Nealkoholiniai gėrimai",
,,,,,bhe0122,number,,,,,open,,"Natūrinės vartojimo išlaidos.Mineraliniai vandenys gaivieji gėrimai ir sultys ",
,,,,,bhe04,number,,,,,open,,"Natūrinės vartojimo išlaidos.Būstas vanduo elektra dujos ir kitas kuras",
,,,,,bhe044,number,,,,,open,,"Natūrinės vartojimo išlaidos.Vandentieka ir kitos įvairios su būstu susijusios paslaugos",
,,,,,bhe0441,number,,,,,open,,"Natūrinės vartojimo išlaidos.Vandentieka ",
,,,,,bhe0444,integer,,,,,open,,"Natūrinės vartojimo išlaidos.Kitos niekur kitur nepriskirtos su būstu susijusios paslaugos ",
,,,,,bhe045,number,,,,,open,,"Natūrinės vartojimo išlaidos.Elektra dujos ir kitas kuras",
,,,,,bhe0455,number,,,,,open,,"Natūrinės vartojimo išlaidos.Šiluminė energija ",
,,,,,bhe06,integer,,,,,open,,"Natūrinės vartojimo išlaidos.Sveikatos priežiūra",
,,,,,bhe061,integer,,,,,open,,"Natūrinės vartojimo išlaidos.Medicinos produktai reikmenys ir įranga",
,,,,,bhe0611,integer,,,,,open,,"Natūrinės vartojimo išlaidos.Farmacijos gaminiai ",
,,,,,bhe0613,integer,,,,,open,,"Natūrinės vartojimo išlaidos.Terapiniai aparatai ir įranga ",
,,,,,bhe063,integer,,,,,open,,"Natūrinės vartojimo išlaidos.Ligoninių paslaugos",
,,,,,bhe07,integer,,,,,open,,"Natūrinės vartojimo išlaidos.Transportas",
,,,,,bhe072,integer,,,,,open,,"Natūrinės vartojimo išlaidos.Asmeninių transporto priemonių eksploatacija",
,,,,,bhe0722,integer,,,,,open,,"Natūrinės vartojimo išlaidos.Degalai ir tepalai ",
,,,,,bhe0723,integer,,,,,open,,"Natūrinės vartojimo išlaidos.Priežiūra ir taisymas",
,,,,,bhe08,integer,,,,,open,,"Natūrinės vartojimo išlaidos.Ryšiai",
,,,,,bhe083,integer,,,,,open,,"Natūrinės vartojimo išlaidos.Telefono ir telefakso paslaugos",
,,,,,bhe0831,integer,,,,,open,,"Natūrinės vartojimo išlaidos.Telefono ir telefakso paslaugos ",
,,,,,bhe10,number,,,,,open,,"Natūrinės vartojimo išlaidos.Švietimas",
,,,,,bhe101,number,,,,,open,,"Natūrinės vartojimo išlaidos.Ikimokyklinis ir pradinis mokymas",
,,,,,bhe1011,number,,,,,open,,"Natūrinės vartojimo išlaidos.Ikimokyklinis ir pradinis mokymas ",
,,,,,bhe105,integer,,,,,open,,"Natūrinės vartojimo išlaidos.Švietimo paslaugos neskaidomos pagal lygmenis",
,,,,,bhe1051,integer,,,,,open,,"Natūrinės vartojimo išlaidos.Švietimo paslaugos neskaidomos pagal lygmenis ",
,,,,,bhe11,integer,,,,,open,,"Natūrinės vartojimo išlaidos.Restoranai ir viešbučiai",
,,,,,bhe111,integer,,,,,open,,"Natūrinės vartojimo išlaidos.Maitinimo paslaugos",
,,,,,bhe1112,integer,,,,,open,,"Natūrinės vartojimo išlaidos.Valgyklos ",
,,,,,bhe12,number,,,,,open,,"Natūrinės vartojimo išlaidos.Įvairios prekės ir paslaugos",
,,,,,bhe124,number,,,,,open,,"Natūrinės vartojimo išlaidos.Socialinės apsaugos paslaugos",
,,,,,bhe1241,number,,,,,open,,"Natūrinės vartojimo išlaidos.Socialinės apsaugos paslaugos ",
,,,,,che00,number,,,,,open,,"Visos (piniginės ir natūrinės) vartojimo išlaidos.Visos namų ūkio vartojimo išlaidos (mėnesinės)",
,,,,,che01,number,,,,,open,,"Visos (piniginės ir natūrinės) vartojimo išlaidos.Maisto produktai ir nealkoholiniai gėrimai",
,,,,,che011,number,,,,,open,,"Visos (piniginės ir natūrinės) vartojimo išlaidos.Maisto produktai",
,,,,,che0111,number,,,,,open,,"Visos (piniginės ir natūrinės) vartojimo išlaidos.Grūdų produktai ",
,,,,,che0112,number,,,,,open,,"Visos (piniginės ir natūrinės) vartojimo išlaidos.Mėsa ir mėsos produktai",
,,,,,che0113,number,,,,,open,,"Visos (piniginės ir natūrinės) vartojimo išlaidos.Žuvis ",
,,,,,che0114,number,,,,,open,,"Visos (piniginės ir natūrinės) vartojimo išlaidos.Pienas pieno produktai ir kiaušiniai ",
,,,,,che0115,number,,,,,open,,"Visos (piniginės ir natūrinės) vartojimo išlaidos.Aliejus ir riebalai ",
,,,,,che0116,number,,,,,open,,"Visos (piniginės ir natūrinės) vartojimo išlaidos.Vaisiai ir uogos",
,,,,,che0117,number,,,,,open,,"Visos (piniginės ir natūrinės) vartojimo išlaidos.Daržovės ",
,,,,,che0118,number,,,,,open,,"Visos (piniginės ir natūrinės) vartojimo išlaidos.Cukrus uogienė medus šokoladas ir saldumynai ",
,,,,,che0119,number,,,,,open,,"Visos (piniginės ir natūrinės) vartojimo išlaidos.Niekur kitur nepriskirti maisto produktai ",
,,,,,che012,number,,,,,open,,"Visos (piniginės ir natūrinės) vartojimo išlaidos.Nealkoholiniai gėrimai",
,,,,,che0121,number,,,,,open,,"Visos (piniginės ir natūrinės) vartojimo išlaidos.Kava arbata ir kakava ",
,,,,,che0122,number,,,,,open,,"Visos (piniginės ir natūrinės) vartojimo išlaidos.Mineraliniai vandenys gaivieji gėrimai ir sultys ",
,,,,,che02,number,,,,,open,,"Visos (piniginės ir natūrinės) vartojimo išlaidos.Alkoholiniai gėrimai ir tabako gaminiai",
,,,,,che021,number,,,,,open,,"Visos (piniginės ir natūrinės) vartojimo išlaidos.Alkoholiniai gėrimai",
,,,,,che0211,number,,,,,open,,"Visos (piniginės ir natūrinės) vartojimo išlaidos.Spirituoti gėrimai ",
,,,,,che0212,number,,,,,open,,"Visos (piniginės ir natūrinės) vartojimo išlaidos.Vynas",
,,,,,che0213,number,,,,,open,,"Visos (piniginės ir natūrinės) vartojimo išlaidos.Alus ",
,,,,,che022,number,,,,,open,,"Visos (piniginės ir natūrinės) vartojimo išlaidos.Tabakas",
,,,,,che0221,number,,,,,open,,"Visos (piniginės ir natūrinės) vartojimo išlaidos.Tabako gaminiai",
,,,,,che023,integer,,,,,open,,"Visos (piniginės ir natūrinės) vartojimo išlaidos.Narkotikai",
,,,,,che03,number,,,,,open,,"Visos (piniginės ir natūrinės) vartojimo išlaidos.Apranga ir avalynė",
,,,,,che031,number,,,,,open,,"Visos (piniginės ir natūrinės) vartojimo išlaidos.Apranga",
,,,,,che0311,number,,,,,open,,"Visos (piniginės ir natūrinės) vartojimo išlaidos.Aprangos medžiagos ",
,,,,,che0312,number,,,,,open,,"Visos (piniginės ir natūrinės) vartojimo išlaidos.Drabužiai ",
,,,,,che0313,number,,,,,open,,"Visos (piniginės ir natūrinės) vartojimo išlaidos.Kiti aprangos gaminiai ir aprangos reikmenys ",
,,,,,che0314,number,,,,,open,,"Visos (piniginės ir natūrinės) vartojimo išlaidos.Aprangos valymas taisymas ir nuoma ",
,,,,,che032,number,,,,,open,,"Visos (piniginės ir natūrinės) vartojimo išlaidos.Avalynė",
,,,,,che0321,number,,,,,open,,"Visos (piniginės ir natūrinės) vartojimo išlaidos.Batai ir kita avalynė ",
,,,,,che0322,number,,,,,open,,"Visos (piniginės ir natūrinės) vartojimo išlaidos.Avalynės taisymas ir nuoma ",
,,,,,che04,number,,,,,open,,"Visos (piniginės ir natūrinės) vartojimo išlaidos.Būstas vanduo elektra dujos ir kitas kuras",
,,,,,che041,number,,,,,open,,"Visos (piniginės ir natūrinės) vartojimo išlaidos.Būsto nuomos mokesčiai",
,,,,,che0411,number,,,,,open,,"Visos (piniginės ir natūrinės) vartojimo išlaidos.Nuomininkų mokami nuomos mokesčiai ",
,,,,,che0412,number,,,,,open,,"Visos (piniginės ir natūrinės) vartojimo išlaidos.Kiti nuomos mokesčiai ",
,,,,,che043,number,,,,,open,,"Visos (piniginės ir natūrinės) vartojimo išlaidos.Būsto priežiūra ir remontas",
,,,,,che0431,number,,,,,open,,"Visos (piniginės ir natūrinės) vartojimo išlaidos.Gaminiai ir medžiagos būsto priežiūrai ir remontui ",
,,,,,che0432,number,,,,,open,,"Visos (piniginės ir natūrinės) vartojimo išlaidos.Būsto priežiūros ir remonto paslaugos ",
,,,,,che044,number,,,,,open,,"Visos (piniginės ir natūrinės) vartojimo išlaidos.Vandentieka ir kitos įvairios su būstu susijusios paslaugos",
,,,,,che0441,number,,,,,open,,"Visos (piniginės ir natūrinės) vartojimo išlaidos.Vandentieka ",
,,,,,che0442,number,,,,,open,,"Visos (piniginės ir natūrinės) vartojimo išlaidos.Atliekų rinkimas ",
,,,,,che0444,number,,,,,open,,"Visos (piniginės ir natūrinės) vartojimo išlaidos.Kitos niekur kitur nepriskirtos su būstu susijusios paslaugos ",
,,,,,che045,number,,,,,open,,"Visos (piniginės ir natūrinės) vartojimo išlaidos.Elektra dujos ir kitas kuras",
,,,,,che0451,number,,,,,open,,"Visos (piniginės ir natūrinės) vartojimo išlaidos.Elektra ",
,,,,,che0452,number,,,,,open,,"Visos (piniginės ir natūrinės) vartojimo išlaidos.Dujos ",
,,,,,che0453,number,,,,,open,,"Visos (piniginės ir natūrinės) vartojimo išlaidos.Skystasis kuras ",
,,,,,che0454,number,,,,,open,,"Visos (piniginės ir natūrinės) vartojimo išlaidos.Kietasis kuras ",
,,,,,che0455,number,,,,,open,,"Visos (piniginės ir natūrinės) vartojimo išlaidos.Šiluminė energija ",
,,,,,che05,number,,,,,open,,"Visos (piniginės ir natūrinės) vartojimo išlaidos.Būsto apstatymas namų apyvokos įranga ir kasdienė namų priežiūra",
,,,,,che051,number,,,,,open,,"Visos (piniginės ir natūrinės) vartojimo išlaidos.Baldai ir apstatymas grindų dangos",
,,,,,che0511,number,,,,,open,,"Visos (piniginės ir natūrinės) vartojimo išlaidos.Baldai ir būsto apstatymo reikmenys ",
,,,,,che0512,number,,,,,open,,"Visos (piniginės ir natūrinės) vartojimo išlaidos.Kilimai ir kitos grindų dangos ",
,,,,,che0513,number,,,,,open,,"Visos (piniginės ir natūrinės) vartojimo išlaidos.Baldų būsto apstatymo reikmenų ir grindų dangų remontas ",
,,,,,che052,number,,,,,open,,"Visos (piniginės ir natūrinės) vartojimo išlaidos.Namų ūkio tekstilė",
,,,,,che0521,number,,,,,open,,"Visos (piniginės ir natūrinės) vartojimo išlaidos.Namų ūkio tekstilė ",
,,,,,che053,number,,,,,open,,"Visos (piniginės ir natūrinės) vartojimo išlaidos.Namų apyvokos prietaisai",
,,,,,che0531,number,,,,,open,,"Visos (piniginės ir natūrinės) vartojimo išlaidos.Elektriniai ir neelektriniai pagrindiniai namų apyvokos prietaisai ",
,,,,,che0532,number,,,,,open,,"Visos (piniginės ir natūrinės) vartojimo išlaidos.Smulkūs elektriniai namų apyvokos prietaisai ",
,,,,,che0533,number,,,,,open,,"Visos (piniginės ir natūrinės) vartojimo išlaidos.Namų apyvokos prietaisų taisymas ",
,,,,,che054,number,,,,,open,,"Visos (piniginės ir natūrinės) vartojimo išlaidos.Stiklo dirbiniai stalo reikmenys ir namų rakandai",
,,,,,che0541,number,,,,,open,,"Visos (piniginės ir natūrinės) vartojimo išlaidos.Stiklo dirbiniai stalo reikmenys ir namų rakandai ",
,,,,,che055,number,,,,,open,,"Visos (piniginės ir natūrinės) vartojimo išlaidos.Namų ir sodininkystės įrankiai bei įranga",
,,,,,che0551,number,,,,,open,,"Visos (piniginės ir natūrinės) vartojimo išlaidos.Pagrindiniai buitiniai įrankiai ir įranga ",
,,,,,che0552,number,,,,,open,,"Visos (piniginės ir natūrinės) vartojimo išlaidos.Smulkūs įrankiai ir įvairūs pagalbiniai reikmenys ",
,,,,,che056,number,,,,,open,,"Visos (piniginės ir natūrinės) vartojimo išlaidos.Neilgalaikio naudojimo namų apyvokos prekės",
,,,,,che0561,number,,,,,open,,"Visos (piniginės ir natūrinės) vartojimo išlaidos.Trumpalaikio naudojimo namų apyvokos prekės ",
,,,,,che0562,number,,,,,open,,"Visos (piniginės ir natūrinės) vartojimo išlaidos.Namų priežiūros paslaugos ",
,,,,,che06,number,,,,,open,,"Visos (piniginės ir natūrinės) vartojimo išlaidos.Sveikatos priežiūra",
,,,,,che061,number,,,,,open,,"Visos (piniginės ir natūrinės) vartojimo išlaidos.Medicinos produktai reikmenys ir įranga",
,,,,,che0611,number,,,,,open,,"Visos (piniginės ir natūrinės) vartojimo išlaidos.Farmacijos gaminiai ",
,,,,,che0612,number,,,,,open,,"Visos (piniginės ir natūrinės) vartojimo išlaidos.Kiti medicinos gaminiai ",
,,,,,che0613,number,,,,,open,,"Visos (piniginės ir natūrinės) vartojimo išlaidos.Terapiniai aparatai ir įranga ",
,,,,,che062,number,,,,,open,,"Visos (piniginės ir natūrinės) vartojimo išlaidos.Ambulatorinės paslaugos",
,,,,,che0621,number,,,,,open,,"Visos (piniginės ir natūrinės) vartojimo išlaidos.Gydytojų paslaugos ",
,,,,,che0622,number,,,,,open,,"Visos (piniginės ir natūrinės) vartojimo išlaidos.Odontologijos paslaugos ",
,,,,,che0623,number,,,,,open,,"Visos (piniginės ir natūrinės) vartojimo išlaidos.Kitos medicinos paslaugos",
,,,,,che063,number,,,,,open,,"Visos (piniginės ir natūrinės) vartojimo išlaidos.Ligoninių paslaugos",
,,,,,che07,number,,,,,open,,"Visos (piniginės ir natūrinės) vartojimo išlaidos.Transportas",
,,,,,che071,number,,,,,open,,"Visos (piniginės ir natūrinės) vartojimo išlaidos.Transporto priemonių pirkimas",
,,,,,che0711,number,,,,,open,,"Visos (piniginės ir natūrinės) vartojimo išlaidos.Automobiliai ",
,,,,,che0712,number,,,,,open,,"Visos (piniginės ir natūrinės) vartojimo išlaidos.Motociklai ",
,,,,,che0713,number,,,,,open,,"Visos (piniginės ir natūrinės) vartojimo išlaidos.Dviračiai ",
,,,,,che072,number,,,,,open,,"Visos (piniginės ir natūrinės) vartojimo išlaidos.Asmeninių transporto priemonių eksploatacija",
,,,,,che0721,number,,,,,open,,"Visos (piniginės ir natūrinės) vartojimo išlaidos.Atsarginės dalys ir aksesuarai ",
,,,,,che0722,number,,,,,open,,"Visos (piniginės ir natūrinės) vartojimo išlaidos.Degalai ir tepalai ",
,,,,,che0723,number,,,,,open,,"Visos (piniginės ir natūrinės) vartojimo išlaidos.Priežiūra ir taisymas ",
,,,,,che0724,number,,,,,open,,"Visos (piniginės ir natūrinės) vartojimo išlaidos.Kitos paslaugos susijusios su asmeninio transporto priemonėmis ",
,,,,,che073,number,,,,,open,,"Visos (piniginės ir natūrinės) vartojimo išlaidos.Transporto paslaugos",
,,,,,che0731,number,,,,,open,,"Visos (piniginės ir natūrinės) vartojimo išlaidos.Keleivių vežimas geležinkeliu ",
,,,,,che0732,number,,,,,open,,"Visos (piniginės ir natūrinės) vartojimo išlaidos.Keleivių vežimas keliais ",
,,,,,che0733,number,,,,,open,,"Visos (piniginės ir natūrinės) vartojimo išlaidos.Keleivių vežimas oru ",
,,,,,che0734,number,,,,,open,,"Visos (piniginės ir natūrinės) vartojimo išlaidos.Keleivių vežimas jūrų ir vidaus vandenimis ",
,,,,,che0736,number,,,,,open,,"Visos (piniginės ir natūrinės) vartojimo išlaidos.Kitos transporto paslaugos ",
,,,,,che08,number,,,,,open,,"Visos (piniginės ir natūrinės) vartojimo išlaidos.Ryšiai",
,,,,,che081,number,,,,,open,,"Visos (piniginės ir natūrinės) vartojimo išlaidos.Pašto paslaugos",
,,,,,che0811,number,,,,,open,,"Visos (piniginės ir natūrinės) vartojimo išlaidos.Pašto paslaugos ",
,,,,,che082,number,,,,,open,,"Visos (piniginės ir natūrinės) vartojimo išlaidos.Telefonų ir telefaksų įranga",
,,,,,che0821,number,,,,,open,,"Visos (piniginės ir natūrinės) vartojimo išlaidos.Telefonų ir telefaksų įranga ",
,,,,,che083,number,,,,,open,,"Visos (piniginės ir natūrinės) vartojimo išlaidos.Telefono ir telefakso paslaugos",
,,,,,che0831,number,,,,,open,,"Visos (piniginės ir natūrinės) vartojimo išlaidos.Telefono ir telefakso paslaugos ",
,,,,,che09,number,,,,,open,,"Visos (piniginės ir natūrinės) vartojimo išlaidos.Laisvalaikis ir kultūra",
,,,,,che091,number,,,,,open,,"Visos (piniginės ir natūrinės) vartojimo išlaidos.Audiovizualiniai fotografavimo ir duomenų apdorojimo įrenginiai",
,,,,,che0911,number,,,,,open,,"Visos (piniginės ir natūrinės) vartojimo išlaidos.Garso ir vaizdo priėmimo įrašymo ir atkūrimo įrenginiai ",
,,,,,che0912,number,,,,,open,,"Visos (piniginės ir natūrinės) vartojimo išlaidos.Fotografavimo ir filmavimo įrenginiai ir optiniai prietaisai ",
,,,,,che0913,number,,,,,open,,"Visos (piniginės ir natūrinės) vartojimo išlaidos.Duomenų apdorojimo įranga ",
,,,,,che0914,number,,,,,open,,"Visos (piniginės ir natūrinės) vartojimo išlaidos.Įrašų laikmenos ",
,,,,,che0915,number,,,,,open,,"Visos (piniginės ir natūrinės) vartojimo išlaidos.Audiovizualinių fotografavimo ir duomenų apdorojimo įrenginių taisymas ",
,,,,,che092,number,,,,,open,,"Visos (piniginės ir natūrinės) vartojimo išlaidos.Kiti ilgalaikio naudojimo reikmenys skirti laisvalaikiui ir kultūrai",
,,,,,che0921,integer,,,,,open,,"Visos (piniginės ir natūrinės) vartojimo išlaidos.Pagrindiniai laivalaikiui lauke skirti ilgalaikio naudojimo reikmenys ",
,,,,,che0922,number,,,,,open,,"Visos (piniginės ir natūrinės) vartojimo išlaidos.Muzikos instrumentai ir pagrindiniai ilgalaikio naudojimo reikmenys skirti laisvalaikiui patalpose ",
,,,,,che0923,number,,,,,open,,"Visos (piniginės ir natūrinės) vartojimo išlaidos.Kitų laisvalaikiui ir kultūrai skirtų pagrindinių ilgalaikio naudojimo reikmenų techninė priežiūra ir remontas ",
,,,,,che093,number,,,,,open,,"Visos (piniginės ir natūrinės) vartojimo išlaidos.Kiti laisvalaikio reikmenys ir įrenginiai sodininkystės prekės naminiai gyvūnėliai ir jų priežiūros prekės",
,,,,,che0931,number,,,,,open,,"Visos (piniginės ir natūrinės) vartojimo išlaidos.Žaidimai  žaislai ir kolekcionavimo reikmenys ",
,,,,,che0932,number,,,,,open,,"Visos (piniginės ir natūrinės) vartojimo išlaidos.Įrenginiai sportui stovyklavimui ir laisvalaikiui lauke ",
,,,,,che0933,number,,,,,open,,"Visos (piniginės ir natūrinės) vartojimo išlaidos.Gėlės kiti dekoratiniai augalai ",
,,,,,che0934,number,,,,,open,,"Visos (piniginės ir natūrinės) vartojimo išlaidos.Naminiai gyvūnėliai ir su jais susiję gaminiai ",
,,,,,che0935,number,,,,,open,,"Visos (piniginės ir natūrinės) vartojimo išlaidos.Veterinarijos ir kitokios paslaugos susijusios su naminiais gyvūnėliais  ",
,,,,,che094,number,,,,,open,,"Visos (piniginės ir natūrinės) vartojimo išlaidos.Laisvalaikio ir kultūros paslaugos",
,,,,,che0941,number,,,,,open,,"Visos (piniginės ir natūrinės) vartojimo išlaidos.Laisvalaikio ir sporto paslaugos ",
,,,,,che0942,number,,,,,open,,"Visos (piniginės ir natūrinės) vartojimo išlaidos.Kultūros paslaugos ",
,,,,,che0943,number,,,,,open,,"Visos (piniginės ir natūrinės) vartojimo išlaidos.Azartiniai lošimai ",
,,,,,che095,number,,,,,open,,"Visos (piniginės ir natūrinės) vartojimo išlaidos.Laikraščiai knygos ir raštinės reikmenys",
,,,,,che0951,number,,,,,open,,"Visos (piniginės ir natūrinės) vartojimo išlaidos.Knygos ",
,,,,,che0952,number,,,,,open,,"Visos (piniginės ir natūrinės) vartojimo išlaidos.Laikraščiai ir periodiniai leidiniai ",
,,,,,che0953,number,,,,,open,,"Visos (piniginės ir natūrinės) vartojimo išlaidos.Įvairūs spaudiniai ",
,,,,,che0954,number,,,,,open,,"Visos (piniginės ir natūrinės) vartojimo išlaidos.Raštinės reikmenys ir piešimo medžiagos ",
,,,,,che096,number,,,,,open,,"Visos (piniginės ir natūrinės) vartojimo išlaidos.Atostogų išvykos",
,,,,,che10,number,,,,,open,,"Visos (piniginės ir natūrinės) vartojimo išlaidos.Švietimas",
,,,,,che101,number,,,,,open,,"Visos (piniginės ir natūrinės) vartojimo išlaidos.Ikimokyklinis ir pradinis mokymas",
,,,,,che1011,number,,,,,open,,"Visos (piniginės ir natūrinės) vartojimo išlaidos.Ikimokyklinis ir pradinis mokymas ",
,,,,,che102,number,,,,,open,,"Visos (piniginės ir natūrinės) vartojimo išlaidos.Vidurinis mokymas",
,,,,,che1021,number,,,,,open,,"Visos (piniginės ir natūrinės) vartojimo išlaidos.Vidurinis mokymas ",
,,,,,che103,integer,,,,,open,,"Visos (piniginės ir natūrinės) vartojimo išlaidos.Aukštojo mokslo laipsnio nesuteikiantis mokymas baigus vidurinį mokymą",
,,,,,che1031,integer,,,,,open,,"Visos (piniginės ir natūrinės) vartojimo išlaidos.Aukštojo mokslo laipsnio nesuteikiantis mokymas baigus vidurinį mokymą",
,,,,,che104,number,,,,,open,,"Visos (piniginės ir natūrinės) vartojimo išlaidos.Aukštasis mokymas",
,,,,,che1041,number,,,,,open,,"Visos (piniginės ir natūrinės) vartojimo išlaidos.Aukštasis mokslas ",
,,,,,che105,number,,,,,open,,"Visos (piniginės ir natūrinės) vartojimo išlaidos.Švietimo paslaugos neskaidomos pagal lygmenis",
,,,,,che1051,number,,,,,open,,"Visos (piniginės ir natūrinės) vartojimo išlaidos.Švietimo paslaugos neskaidomos pagal lygmenis ",
,,,,,che11,number,,,,,open,,"Visos (piniginės ir natūrinės) vartojimo išlaidos.Restoranai ir viešbučiai",
,,,,,che111,number,,,,,open,,"Visos (piniginės ir natūrinės) vartojimo išlaidos.Maitinimo paslaugos",
,,,,,che1111,number,,,,,open,,"Visos (piniginės ir natūrinės) vartojimo išlaidos.Restoranai kavinės ir kita ",
,,,,,che1112,number,,,,,open,,"Visos (piniginės ir natūrinės) vartojimo išlaidos.Valgyklos ",
,,,,,che112,number,,,,,open,,"Visos (piniginės ir natūrinės) vartojimo išlaidos.Apgyvendinimo paslaugos ",
,,,,,che1121,number,,,,,open,,"Visos (piniginės ir natūrinės) vartojimo išlaidos.Apgyvendinimo paslaugos ",
,,,,,che12,number,,,,,open,,"Visos (piniginės ir natūrinės) vartojimo išlaidos.Įvairios prekės ir paslaugos",
,,,,,che121,number,,,,,open,,"Visos (piniginės ir natūrinės) vartojimo išlaidos.Asmeninė priežiūra",
,,,,,che1211,number,,,,,open,,"Visos (piniginės ir natūrinės) vartojimo išlaidos.Moterų ir vyrų kirpyklos ir asmens priežiūros įstaigos ",
,,,,,che1212,number,,,,,open,,"Visos (piniginės ir natūrinės) vartojimo išlaidos.Elektriniai asmens priežiūros prietaisai ",
,,,,,che1213,number,,,,,open,,"Visos (piniginės ir natūrinės) vartojimo išlaidos.Kiti neelektriniai  asmens priežiūros prietaisai reikmenys ir priemonės ",
,,,,,che123,number,,,,,open,,"Visos (piniginės ir natūrinės) vartojimo išlaidos.Kiti niekur kitur nepriskirti asmeniniai daiktai",
,,,,,che1231,number,,,,,open,,"Visos (piniginės ir natūrinės) vartojimo išlaidos.Juvelyriniai dirbiniai ir laikrodžiai ",
,,,,,che1232,number,,,,,open,,"Visos (piniginės ir natūrinės) vartojimo išlaidos.Kiti asmeniniai daiktai ",
,,,,,che124,number,,,,,open,,"Visos (piniginės ir natūrinės) vartojimo išlaidos.Socialinės apsaugos paslaugos",
,,,,,che1241,number,,,,,open,,"Visos (piniginės ir natūrinės) vartojimo išlaidos.Socialinės apsaugos paslaugos ",
,,,,,che125,number,,,,,open,,"Visos (piniginės ir natūrinės) vartojimo išlaidos.Draudimas",
,,,,,che1252,number,,,,,open,,"Visos (piniginės ir natūrinės) vartojimo išlaidos.Namų turto draudimas ",
,,,,,che1253,number,,,,,open,,"Visos (piniginės ir natūrinės) vartojimo išlaidos.Sveikatos draudimas ",
,,,,,che1254,number,,,,,open,,"Visos (piniginės ir natūrinės) vartojimo išlaidos.Transporto priemonių draudimas ",
,,,,,che1255,integer,,,,,open,,"Visos (piniginės ir natūrinės) vartojimo išlaidos.Kitas draudimas ",
,,,,,che126,number,,,,,open,,"Visos (piniginės ir natūrinės) vartojimo išlaidos.Banko (finansinės) paslaugos",
,,,,,che1262,number,,,,,open,,"Visos (piniginės ir natūrinės) vartojimo išlaidos.Banko (finansinės) paslaugos ",
,,,,,che127,number,,,,,open,,"Visos (piniginės ir natūrinės) vartojimo išlaidos.Kitos niekur kitur nepriskirtos paslaugos",
,,,,,che1271,number,,,,,open,,"Visos (piniginės ir natūrinės) vartojimo išlaidos.Kitos niekur kitur nepriskirtos paslaugos ",
